Ward,Old ward code,Ward name,Borough Code,Borough,Number of ways deficient to access to open space (%):0,Number of ways deficient to access to open space (%):1,Number of ways deficient to access to open space (%):2,Number of ways deficient to access to open space (%):3,Number of ways deficient to access to open space (%):4,,Number of ways deficient to access to public open space:0;IsGood,Number of ways deficient to access to public open space:1;R,Number of ways deficient to access to public open space:1;M,Number of ways deficient to access to public open space:1;D,Number of ways deficient to access to public open space:1;LSP,Number of ways deficient to access to public open space:2;D_R,Number of ways deficient to access to public open space:2;M_R,Number of ways deficient to access to public open space:2;LSP_R,Number of ways deficient to access to public open space:2;D_M,Number of ways deficient to access to public open space:2;LSP_D,Number of ways deficient to access to public open space:2;LSP_M,Number of ways deficient to access to public open space:3;D_M_R,Number of ways deficient to access to public open space:3;LSP_M_R,Number of ways deficient to access to public open space:3;LSP_D_R,Number of ways deficient to access to public open space:3;LSP_D_M,Number of ways deficient to access to public open space:4;LSP_D_M_R,Number of ways deficient to access to public open space:TOTAL
E05000026,00ABFX,Abbey,E09000002,Barking and Dagenham,0.3,86,12.6,1.1,0,,0.3,0,84,0,2,0,0,0.1,0,0,12.5,0,0.8,0,0.3,0,100
E05000027,00ABFY,Alibon,E09000002,Barking and Dagenham,0,15.7,66.5,17.8,0,,0,15.7,0,0,0,0,0,66.5,0,0,0,0,0,17.8,0,0,100
E05000028,00ABFZ,Becontree,E09000002,Barking and Dagenham,0,27.9,50.4,21.7,0,,0,27.9,0,0,0,14.6,0,35.8,0,0,0,0,0,21.7,0,0,100
E05000029,00ABGA,Chadwell Heath,E09000002,Barking and Dagenham,0,0,45.2,32.9,21.9,,0,0,0,0,0,45.2,0,0,0,0,0,28.9,0,4,0,21.9,100
E05000030,00ABGB,Eastbrook,E09000002,Barking and Dagenham,0,39.3,60.7,0,0,,0,39.3,0,0,0,0,0,60.7,0,0,0,0,0,0,0,0,100
E05000031,00ABGC,Eastbury,E09000002,Barking and Dagenham,0,6.2,50.2,42.5,1,,0,4.5,1.8,0,0,3.4,0.9,45.9,0,0,0,0,0.2,42.4,0,1,100
E05000032,00ABGD,Gascoigne,E09000002,Barking and Dagenham,0,5.3,29.8,54.7,10.2,,0,0,5.2,0,0,6.5,0.4,0.1,15.8,0,7,25.1,0.8,1.9,26.8,10.2,100
E05000033,00ABGE,Goresbrook,E09000002,Barking and Dagenham,0,39.3,56.7,4,0,,0,39.3,0,0,0,18.3,0,38.4,0,0,0,0,0,4,0,0,100
E05000034,00ABGF,Heath,E09000002,Barking and Dagenham,0,39.4,52.2,8.4,0.1,,0,39.4,0,0,0,1.4,0,50.8,0,0,0,0,0,8.4,0,0.1,100
E05000035,00ABGG,Longbridge,E09000002,Barking and Dagenham,5.4,21.7,72.3,0.6,0,,5.4,15.2,5.3,0,1.3,0,0,72.3,0,0,0,0,0,0.6,0,0,100
E05000036,00ABGH,Mayesbrook,E09000002,Barking and Dagenham,0,42.3,57.7,0,0,,0,42.3,0,0,0,0,0,57.7,0,0,0,0,0,0,0,0,100
E05000037,00ABGJ,Parsloes,E09000002,Barking and Dagenham,0,45.3,53.3,1.4,0,,0,45.3,0,0,0,1.9,0,51.4,0,0,0,0,0,1.4,0,0,100
E05000038,00ABGK,River,E09000002,Barking and Dagenham,0,58,30.5,11.6,0,,0,58,0,0,0,2.5,0,28,0,0,0,0,0,11.6,0,0,100
E05000039,00ABGL,Thames,E09000002,Barking and Dagenham,0,1,20.1,55.7,23.2,,0,1,0,0,0,19.1,0,1,0,0,0,7,0,48.8,0,23.2,100
E05000040,00ABGM,Valence,E09000002,Barking and Dagenham,0,2.9,40.1,57,0,,0,2.9,0,0,0,25.3,0,14.8,0,0,0,0,0,57,0,0,100
E05000041,00ABGN,Village,E09000002,Barking and Dagenham,0,76.6,23.4,0,0,,0,76.6,0,0,0,0,0,23.4,0,0,0,0,0,0,0,0,100
E05000042,00ABGP,Whalebone,E09000002,Barking and Dagenham,0,0,33.6,40.7,25.7,,0,0,0,0,0,7.4,0,26.2,0,0,0,0,0,40.6,0,25.7,100
E05000043,00ACFX,Brunswick Park,E09000003,Barnet,0.8,49.5,37.6,12.1,0.1,,0.8,20.4,17.2,0,11.8,0,17.6,11.5,0,0,8.5,0,12.1,0,0,0.1,100
E05000044,00ACFY,Burnt Oak,E09000003,Barnet,0,0,39,45.3,15.7,,0,0,0,0,0,31.9,7.1,0,0,0,0,33.8,0,11.5,0,15.7,100
E05000045,00ACFZ,Childs Hill,E09000003,Barnet,0,14.7,36.2,49.1,0,,0,14.7,0,0,0,16.8,0,19.4,0,0,0,0,0,49.1,0,0,100
E05000046,00ACGA,Colindale,E09000003,Barnet,0,7.6,35.7,53.9,2.8,,0,7.6,0,0,0,21.7,4.1,9.9,0,0,0,18.2,8.5,27.2,0,2.8,100
E05000047,00ACGB,Coppetts,E09000003,Barnet,0,17.5,43.4,27.6,11.5,,0,0,3,13.4,1.1,0.2,4.6,0,2.8,33.9,2,6.9,0.3,17.4,3.1,11.5,100
E05000048,00ACGC,East Barnet,E09000003,Barnet,0,47.9,50.2,1.9,0,,0,47.9,0,0,0,0.4,0,49.8,0,0,0,0,0,1.9,0,0,100
E05000049,00ACGD,East Finchley,E09000003,Barnet,2,5.5,19.6,63.3,9.7,,2,4.1,0,0.1,1.3,18.8,0,0,0,0.8,0,2.2,0,61,0,9.7,100
E05000050,00ACGE,Edgware,E09000003,Barnet,0,0,14.3,37.7,48.1,,0,0,0,0,0,0,14.3,0,0,0,0,14,23.6,0,0,48.1,100
E05000051,00ACGF,Finchley Church End,E09000003,Barnet,0,0,2.6,40.6,56.8,,0,0,0,0,0,0.6,1.9,0,0,0,0,35.4,5.3,0,0,56.8,100
E05000052,00ACGG,Garden Suburb,E09000003,Barnet,0.1,44.5,46.7,8.6,0,,0.1,44.5,0,0,0,24.4,0,22.3,0,0,0,0.1,0,8.5,0,0,100
E05000053,00ACGH,Golders Green,E09000003,Barnet,0,0,27.5,63.1,9.4,,0,0,0,0,0,22.1,0,5.3,0,0,0,0.1,0,63.1,0,9.4,100
E05000054,00ACGJ,Hale,E09000003,Barnet,0,0,3.1,54.7,42.3,,0,0,0,0,0,0,3.1,0,0,0,0,47.7,7,0,0,42.3,100
E05000055,00ACGK,Hendon,E09000003,Barnet,0,0,32.9,54.7,12.4,,0,0,0,0,0,2.1,30.5,0.2,0,0,0,3.7,47.2,3.7,0,12.4,100
E05000056,00ACGL,High Barnet,E09000003,Barnet,0,20.5,45.7,11.8,22,,0,20.5,0,0,0,0.3,22,23.4,0,0,0,3.5,6.6,1.6,0,22,100
E05000057,00ACGM,Mill Hill,E09000003,Barnet,0,0,24.8,41,34.2,,0,0,0,0,0,0,24.8,0,0,0,0,6.3,34.7,0,0,34.2,100
E05000058,00ACGN,Oakleigh,E09000003,Barnet,0,6,35.2,41,17.8,,0,6,0,0,0,1.3,8.3,25.5,0,0,0,5.7,28.9,6.3,0,17.8,100
E05000059,00ACGP,Totteridge,E09000003,Barnet,0,0,27.5,51.2,21.2,,0,0,0,0,0,0,27.5,0,0,0,0,1.1,50.1,0,0,21.2,100
E05000060,00ACGQ,Underhill,E09000003,Barnet,0,0,62.9,34.8,2.3,,0,0,0,0,0,0,62.9,0,0,0,0,3.5,31.3,0,0,2.3,100
E05000061,00ACGR,West Finchley,E09000003,Barnet,0,0,0.1,33.3,66.6,,0,0,0,0,0,0,0.1,0,0,0,0,30.3,3,0,0,66.6,100
E05000062,00ACGS,West Hendon,E09000003,Barnet,0,18.8,31.3,35.6,14.2,,0,18.8,0,0,0,16.6,2.5,12.2,0,0,0,14,4,17.6,0,14.2,100
E05000063,00ACGT,Woodhouse,E09000003,Barnet,0,0,5.6,32.3,62.1,,0,0,0,0,0,0.5,5.1,0,0,0,0,25.8,5.7,0.9,0,62.1,100
E05000064,00ADGA,Barnehurst,E09000004,Bexley,0,21.5,30.6,47.9,0,,0,21.5,0,0,0,25.4,3.5,1.6,0,0,0,2.2,0,45.6,0,0,100
E05000065,00ADGB,Belvedere,E09000004,Bexley,0,45.3,47.4,7.3,0,,0,45.3,0,0,0,0.3,0,47.1,0,0,0,0,0,7.3,0,0,100
E05000066,00ADGC,Blackfen and Lamorbey,E09000004,Bexley,0,2.4,73.8,23.7,0,,0,2.4,0,0,0,24.3,0,49.6,0,0,0,0,0,23.7,0,0,100
E05000067,00ADGD,Blendon and Penhill,E09000004,Bexley,0,33.1,56.3,10.6,0,,0,33.1,0,0,0,19.9,0,36.4,0,0,0,0,0,10.6,0,0,100
E05000068,00ADGE,Brampton,E09000004,Bexley,0,1.4,71.3,27.2,0,,0,1.4,0,0,0,34.9,0,36.4,0,0,0,0,0,27.2,0,0,100
E05000069,00ADGF,Christchurch,E09000004,Bexley,0,13.4,56.3,30.3,0,,0,13.4,0,0,0,15.2,0,41.1,0,0,0,0,0,30.3,0,0,100
E05000070,00ADGG,Colyers,E09000004,Bexley,0,0,51.2,48.8,0,,0,0,0,0,0,51.2,0,0,0,0,0,0.2,0,48.6,0,0,100
E05000071,00ADGH,Crayford,E09000004,Bexley,0,14.1,10.7,64.1,11.1,,0,14.1,0,0,0,3.2,2.3,5.2,0,0,0,0,0,64.1,0,11.1,100
E05000072,00ADGJ,Cray Meadows,E09000004,Bexley,0,30.1,65,5,0,,0,30.1,0,0,0,2.3,0,62.6,0,0,0,0,0,5,0,0,100
E05000073,00ADGK,Danson Park,E09000004,Bexley,0,51.6,47.9,0.5,0,,0,51.6,0,0,0,0,0,47.9,0,0,0,0,0,0.5,0,0,100
E05000074,00ADGL,East Wickham,E09000004,Bexley,0,31.9,50.2,17.9,0,,0,31.9,0,0,0,16.1,0,34.1,0,0,0,0,0,17.9,0,0,100
E05000075,00ADGM,Erith,E09000004,Bexley,0,3.7,62.9,33.3,0,,0,3.7,0,0,0,60.2,0,2.8,0,0,0,0,0,33.3,0,0,100
E05000076,00ADGN,Falconwood and Welling,E09000004,Bexley,0,3.5,56.5,40,0,,0,3.5,0,0,0,0,0,56.5,0,0,0,0,0,40,0,0,100
E05000077,00ADGP,Lesnes Abbey,E09000004,Bexley,0,67.6,28.8,3.6,0,,0,67.6,0,0,0,0,0,28.8,0,0,0,0,0,3.6,0,0,100
E05000078,00ADGQ,Longlands,E09000004,Bexley,0,1.8,48.5,49.7,0,,0,1.8,0,0,0,42.7,0,5.8,0,0,0,0,0,49.7,0,0,100
E05000079,00ADGR,North End,E09000004,Bexley,0,21.4,55.3,23.3,0,,0,21.4,0,0,0,18.6,0,36.7,0,0,0,0,0,23.3,0,0,100
E05000080,00ADGS,Northumberland Heath,E09000004,Bexley,0,0,34,66,0,,0,0,0,0,0,27.2,0,6.9,0,0,0,0,0,66,0,0,100
E05000081,00ADGT,St. Mary's,E09000004,Bexley,0,11.1,39.4,49.5,0,,0,11.1,0,0,0,18.6,0,20.8,0,0,0,0,0,49.5,0,0,100
E05000082,00ADGU,St. Michael's,E09000004,Bexley,0,23.9,66.9,9.2,0,,0,23.9,0,0,0,0,0,66.9,0,0,0,0,0,9.2,0,0,100
E05000083,00ADGW,Sidcup,E09000004,Bexley,0,9.6,57.8,32.6,0,,0,9.6,0,0,0,37.6,0,20.2,0,0,0,0,0,32.6,0,0,100
E05000084,00ADGX,Thamesmead East,E09000004,Bexley,0,68.7,20,10.8,0.5,,0,68.7,0,0,0,5.7,0,14.2,0,0,0,0,0,10.8,0,0.5,100
E05000085,00AEGJ,Alperton,E09000005,Brent,0,0.6,45.8,52.5,1.1,,0,0.6,0,0,0,44.8,0,1,0,0,0,10.2,0,42.3,0,1.1,100
E05000086,00AEGK,Barnhill,E09000005,Brent,0,62,36.8,1.2,0,,0,62,0,0,0,11.8,0,25,0,0,0,0,0,1.2,0,0,100
E05000087,00AEGL,Brondesbury Park,E09000005,Brent,0,0,14.6,39.4,45.9,,0,0,0,0,0,14.6,0,0,0,0,0,12.9,0,26.6,0,45.9,100
E05000088,00AEGM,Dollis Hill,E09000005,Brent,0,18.3,34.3,46.9,0.4,,0,18.3,0,0,0,1.5,27.9,5,0,0,0,0.4,46.6,0,0,0.4,100
E05000089,00AEGN,Dudden Hill,E09000005,Brent,0,22.9,34.8,39.2,3.1,,0,22.9,0,0,0,1.9,20.7,12.3,0,0,0,11.1,27.9,0.1,0,3.1,100
E05000090,00AEGP,Fryent,E09000005,Brent,0,66.3,25,8.6,0.1,,0,66.3,0,0,0,3.1,0,21.8,0,0,0,0,0,8.6,0,0.1,100
E05000091,00AEGQ,Harlesden,E09000005,Brent,0,0,17.3,80.4,2.4,,0,0,0,0,0,17.3,0,0,0,0,0,14.7,0,65.6,0,2.4,100
E05000092,00AEGR,Kensal Green,E09000005,Brent,0,0,33.7,66.3,0,,0,0,0,0,0,33.7,0,0,0,0,0,0,0,66.3,0,0,100
E05000093,00AEGS,Kenton,E09000005,Brent,0,25.1,60.6,14.3,0,,0,25.1,0,0,0,27.5,0,33.1,0,0,0,0,0,14.3,0,0,100
E05000094,00AEGT,Kilburn,E09000005,Brent,0,0,57,31.8,11.2,,0,0,0,0,0,57,0,0,0,0,0,0,0,31.8,0,11.2,100
E05000095,00AEGU,Mapesbury,E09000005,Brent,0,4.5,47.4,41.9,6.2,,0,4.5,0,0,0,1.2,15.5,30.7,0,0,0,0,12.9,28.9,0,6.2,100
E05000096,00AEGW,Northwick Park,E09000005,Brent,0,66,33.9,0,0.1,,0,66,0,0,0,0.5,5.9,27.5,0,0,0,0,0,0,0,0.1,100
E05000097,00AEGX,Preston,E09000005,Brent,0,34.1,49.5,16.4,0,,0,34.1,0,0,0,20.8,0,28.7,0,0,0,0,0,16.4,0,0,100
E05000098,00AEGY,Queens Park,E09000005,Brent,0,0,42.6,50,7.3,,0,0,0,0,0,42.6,0,0,0,0,0,5.7,0,44.3,0,7.3,100
E05000099,00AEGZ,Queensbury,E09000005,Brent,0,22.6,49.5,27.9,0,,0,22.6,0,0,0,46.9,0,2.6,0,0,0,0,0,27.9,0,0,100
E05000100,00AEHA,Stonebridge,E09000005,Brent,0,0,20.7,71.4,7.9,,0,0,0,0,0,20.7,0,0,0,0,0,62.6,0,8.8,0,7.9,100
E05000101,00AEHB,Sudbury,E09000005,Brent,0,69.5,29,1.5,0,,0,69.5,0,0,0,3.3,0,25.6,0,0,0,0,0,1.5,0,0,100
E05000102,00AEHC,Tokyngton,E09000005,Brent,0,0,24.7,69.9,5.4,,0,0,0,0,0,23.7,0,0.9,0,0,0,19.7,0,50.2,0,5.4,100
E05000103,00AEHD,Welsh Harp,E09000005,Brent,0,32.2,65,2.7,0.1,,0,32.2,0,0,0,39,0,26,0,0,0,0,0,2.7,0,0.1,100
E05000104,00AEHE,Wembley Central,E09000005,Brent,0,0.7,42.3,57,0,,0,0.7,0,0,0,28.3,0,14,0,0,0,0,0,57,0,0,100
E05000105,00AEHF,Willesden Green,E09000005,Brent,0,0,26.2,47.5,26.3,,0,0,0,0,0,5.4,20.8,0,0,0,0,6.3,41.2,0,0,26.3,100
E05000106,00AFGD,Bickley,E09000006,Bromley,0,14.5,32,49.9,3.6,,0,14.5,0,0,0,2.6,0,29.4,0,0,0,0,0.4,49.5,0,3.6,100
E05000107,00AFGE,Biggin Hill,E09000006,Bromley,0,0,0,11.4,88.6,,0,0,0,0,0,0,0,0,0,0,0,11.4,0,0,0,88.6,100
E05000108,00AFGF,Bromley Common and Keston,E09000006,Bromley,0,37.7,48.2,14.1,0,,0,37.7,0,0,0,21.3,0,26.9,0,0,0,0,0,14.1,0,0,100
E05000109,00AFGG,Bromley Town,E09000006,Bromley,0,10.2,36.2,53.2,0.3,,0,10.2,0,0,0,12.9,0,23.3,0,0,0,0,0,53.2,0,0.3,100
E05000110,00AFGH,Chelsfield and Pratts Bottom,E09000006,Bromley,0,13.9,33.2,48,4.9,,0,13.9,0,0,0,12.8,0.5,19.9,0,0,0,1.7,0.3,46,0,4.9,100
E05000111,00AFGJ,Chislehurst,E09000006,Bromley,0,45.3,44.4,9.7,0.6,,0,45.3,0,0,0,0,2.5,42,0,0,0,0,3.8,5.9,0,0.6,100
E05000112,00AFGK,Clock House,E09000006,Bromley,0,34.6,50.3,15.2,0,,0,34.6,0,0,0,4.1,0,46.2,0,0,0,0,0,15.2,0,0,100
E05000113,00AFGL,Copers Cope,E09000006,Bromley,0,14.5,74.5,10.7,0.3,,0,14.5,0,0,0,0,0,74.5,0,0,0,0,0,10.7,0,0.3,100
E05000114,00AFGM,Cray Valley East,E09000006,Bromley,0,10.1,53.4,36.2,0.3,,0,10.1,0,0,0,17.9,0,35.5,0,0,0,0,0,36.2,0,0.3,100
E05000115,00AFGN,Cray Valley West,E09000006,Bromley,0,25.9,67.3,6.8,0,,0,25.9,0,0,0,17.8,0,49.6,0,0,0,0,0,6.8,0,0,100
E05000116,00AFGP,Crystal Palace,E09000006,Bromley,0,65.5,34.5,0,0,,0,65.5,0,0,0,8.2,0,26.4,0,0,0,0,0,0,0,0,100
E05000117,00AFGQ,Darwin,E09000006,Bromley,0,5.6,16.7,25.6,52.2,,0,5.6,0,0,0,1.8,0,14.8,0,0,0,4.6,0,20.9,0,52.2,100
E05000118,00AFGR,Farnborough and Crofton,E09000006,Bromley,0,25.4,47.2,26.5,0.8,,0,25.4,0,0,0,9,2.2,35.9,0,0,0,0,3.2,23.4,0,0.8,100
E05000119,00AFGS,Hayes and Coney Hall,E09000006,Bromley,0,38.9,58.2,2.9,0,,0,38.9,0,0,0,6.1,0,52.2,0,0,0,0,0,2.9,0,0,100
E05000120,00AFGT,Kelsey and Eden Park,E09000006,Bromley,0,37.9,33.3,15.9,12.9,,0,37.9,0,0,0,0.2,3.3,29.8,0,0,0,0,14.7,1.2,0,12.9,100
E05000121,00AFGU,Mottingham and Chislehurst North,E09000006,Bromley,0,14.8,46.4,38.7,0,,0,14.8,0,0,0,0,37.4,9,0,0,0,0,38.7,0,0,0,100
E05000122,00AFGW,Orpington,E09000006,Bromley,0,0.9,27.8,59.7,11.6,,0,0.9,0,0,0,11.8,9.3,6.8,0,0,0,1.7,25.5,32.5,0,11.6,100
E05000123,00AFGX,Penge and Cator,E09000006,Bromley,0,33.9,36,30.1,0,,0,33.9,0,0,0,19.5,0,16.4,0,0,0,0,0,30.1,0,0,100
E05000124,00AFGY,Petts Wood and Knoll,E09000006,Bromley,0,24.8,51.8,23.4,0,,0,24.8,0,0,0,23.2,0,28.6,0,0,0,0,0,23.4,0,0,100
E05000125,00AFGZ,Plaistow and Sundridge,E09000006,Bromley,0,3,30.9,66,0.1,,0,3,0,0,0,25.3,0.6,5,0,0,0,0,0.7,65.4,0,0.1,100
E05000126,00AFHA,Shortlands,E09000006,Bromley,0,2.9,38.8,58.4,0,,0,2.9,0,0,0,24.2,0,14.6,0,0,0,0,0,58.4,0,0,100
E05000127,00AFHB,West Wickham,E09000006,Bromley,0,6.8,35.8,57.4,0,,0,6.8,0,0,0,14.7,0,21.1,0,0,0,0,0,57.4,0,0,100
E05000128,00AGGD,Belsize,E09000007,Camden,0,34.3,62.4,1.4,1.9,,0,34.3,0,0,0,0,0,62.4,0,0,0,0,0,1.4,0,1.9,100
E05000129,00AGGE,Bloomsbury,E09000007,Camden,10.8,78.1,9.6,1.6,0,,10.8,17.8,0,60.2,0,5.8,0,0.1,0,3.7,0,0,0,1.6,0,0,100
E05000130,00AGGF,Camden Town with Primrose Hill,E09000007,Camden,27,69,4,0,0,,27,42.1,0,6,20.9,0,0,4,0,0,0,0,0,0,0,0,100
E05000131,00AGGG,Cantelowes,E09000007,Camden,6.3,76.8,16.9,0,0,,6.3,0,0,76.8,0,0,0,0,0,16.9,0,0,0,0,0,0,100
E05000132,00AGGH,Fortune Green,E09000007,Camden,0,4.9,67,28.2,0,,0,4.9,0,0,0,66.8,0,0.2,0,0,0,0,0,28.2,0,0,100
E05000133,00AGGJ,Frognal and Fitzjohns,E09000007,Camden,0,12.5,59,28.5,0,,0,12.5,0,0,0,5.2,0,53.8,0,0,0,0,0,28.5,0,0,100
E05000134,00AGGK,Gospel Oak,E09000007,Camden,75.1,24.2,0.7,0,0,,75.1,19.8,0,0,4.4,0,0,0.7,0,0,0,0,0,0,0,0,100
E05000135,00AGGL,Hampstead Town,E09000007,Camden,3.3,72.8,23.9,0,0,,3.3,72.8,0,0,0,0,0,23.9,0,0,0,0,0,0,0,0,100
E05000136,00AGGM,Haverstock,E09000007,Camden,24.9,48.7,26.1,0.3,0,,24.9,17.8,0,2.8,28.1,0,0,23,0,3.2,0,0,0,0.3,0,0,100
E05000137,00AGGN,Highgate,E09000007,Camden,82.8,17.2,0,0,0,,82.8,0.4,0,0.1,16.7,0,0,0,0,0,0,0,0,0,0,0,100
E05000138,00AGGP,Holborn and Covent Garden,E09000007,Camden,0,48.6,42.2,9.2,0,,0,2.3,0,46.3,0,2.1,0,1.3,8.8,30,0,0,0,1.3,7.9,0,100
E05000139,00AGGQ,Kentish Town,E09000007,Camden,17.1,68.7,14.2,0,0,,17.1,0,0,52.3,16.4,0,0,0,0,14.2,0,0,0,0,0,0,100
E05000140,00AGGR,Kilburn,E09000007,Camden,0,0,72.3,27.7,0,,0,0,0,0,0,72.3,0,0,0,0,0,0,0,27.7,0,0,100
E05000141,00AGGS,King's Cross,E09000007,Camden,0,89.1,10.9,0,0,,0,0,0,89.1,0,0,0,0,0,10.9,0,0,0,0,0,0,100
E05000142,00AGGT,Regent's Park,E09000007,Camden,31.8,68.2,0,0,0,,31.8,59.3,0,0.3,8.6,0,0,0,0,0,0,0,0,0,0,0,100
E05000143,00AGGU,St. Pancras and Somers Town,E09000007,Camden,22.2,74.4,3.4,0,0,,22.2,0,0,70.4,3.9,0,0,0,0,3.4,0,0,0,0,0,0,100
E05000144,00AGGW,Swiss Cottage,E09000007,Camden,0,12.4,66.9,20.7,0,,0,12.4,0,0,0,47.5,0,19.4,0,0,0,0,0,20.7,0,0,100
E05000145,00AGGX,West Hampstead,E09000007,Camden,0,0,54.2,45.8,0,,0,0,0,0,0,54.2,0,0,0,0,0,0,0,45.8,0,0,100
E05000146,00AHGE,Addiscombe,E09000008,Croydon,0,0,0.7,8.5,90.8,,0,0,0,0,0,0,0.7,0,0,0,0,3.6,4.9,0,0,90.8,100
E05000147,00AHGF,Ashburton,E09000008,Croydon,0,0,73.7,25.9,0.5,,0,0,0,0,0,0,73.7,0,0,0,0,1,24.8,0,0,0.5,100
E05000148,00AHGG,Bensham Manor,E09000008,Croydon,0,0,46.5,53.3,0.2,,0,0,0,0,0,45.8,0,0.7,0,0,0,2.3,0,51,0,0.2,100
E05000149,00AHGH,Broad Green,E09000008,Croydon,0,5.3,27.1,67.5,0.1,,0,5.3,0,0,0,21.9,0,5.2,0,0,0,0.1,0,67.4,0,0.1,100
E05000150,00AHGJ,Coulsdon East,E09000008,Croydon,0,61.3,35.6,3,0,,0,61.3,0,0,0,9.2,0,26.4,0,0,0,0,0,3,0,0,100
E05000151,00AHGK,Coulsdon West,E09000008,Croydon,0,3.3,24.4,72.2,0,,0,3.3,0,0,0,5.8,0,18.7,0,0,0,0,0,72.2,0,0,100
E05000152,00AHGL,Croham,E09000008,Croydon,0,7,52.7,40.2,0.1,,0,7,0,0,0,13.7,13.2,25.8,0,0,0,1.2,19,20.1,0,0.1,100
E05000153,00AHGM,Fairfield,E09000008,Croydon,0,4.5,27.7,51.7,16.1,,0,4.5,0,0,0,9.8,12.2,5.7,0,0,0,11.3,20.8,19.6,0,16.1,100
E05000154,00AHGN,Fieldway,E09000008,Croydon,0,0.2,12.6,66.8,20.3,,0,0.2,0,0,0,8.6,2.5,1.5,0,0,0,34.7,0,32.1,0,20.3,100
E05000155,00AHGP,Heathfield,E09000008,Croydon,0,50.6,33.1,13.6,2.6,,0,50.6,0,0,0,1.3,11.8,20.1,0,0,0,5.6,5.8,2.2,0,2.6,100
E05000156,00AHGQ,Kenley,E09000008,Croydon,0,7.3,28.9,60.9,3,,0,7.3,0,0,0,0.4,26.1,2.4,0,0,0,8.3,19.5,33.1,0,3,100
E05000157,00AHGR,New Addington,E09000008,Croydon,0,0,65.8,26.6,7.7,,0,0,0,0,0,0,65.8,0,0,0,0,16,10.6,0,0,7.7,100
E05000158,00AHGS,Norbury,E09000008,Croydon,0,23.9,50.1,26,0,,0,23,0,0.9,0,45.7,1.5,2.9,0,0,0,0,0.1,25.8,0,0,100
E05000159,00AHGT,Purley,E09000008,Croydon,0,2.6,51.2,45.1,1.1,,0,2.6,0,0,0,20.2,0,30.9,0,0,0,2.9,1.1,41.1,0,1.1,100
E05000160,00AHGU,Sanderstead,E09000008,Croydon,0,10.3,41.4,41.9,6.4,,0,10.3,0,0,0,14.7,18.8,7.9,0,0,0,4.7,22.3,14.9,0,6.4,100
E05000161,00AHGW,Selhurst,E09000008,Croydon,0,0,10.5,60.1,29.4,,0,0,0,0,0,10.5,0,0,0,0,0,35.8,0,24.2,0,29.4,100
E05000162,00AHGX,Selsdon and Ballards,E09000008,Croydon,0,59.4,40.1,0.5,0,,0,59.4,0,0,0,0.6,0.2,39.3,0,0,0,0,0.4,0,0,0,100
E05000163,00AHGY,Shirley,E09000008,Croydon,0,1.9,7.2,66.5,24.3,,0,1.9,0,0,0,5.2,2,0,0,0,0,54.5,9.2,2.8,0,24.3,100
E05000164,00AHGZ,South Norwood,E09000008,Croydon,0,10.3,55.3,34.4,0,,0,10.3,0,0,0,31.8,0,23.5,0,0,0,0.6,0,33.8,0,0,100
E05000165,00AHHA,Thornton Heath,E09000008,Croydon,0,0,39.9,57.8,2.3,,0,0,0,0,0,39.9,0,0,0,0,0,3.4,0,54.4,0,2.3,100
E05000166,00AHHB,Upper Norwood,E09000008,Croydon,0,10.9,53.1,30.6,5.4,,0,10.9,0,0,0,46.6,1.9,4.5,0,0,0,1.6,0,28.9,0,5.4,100
E05000167,00AHHC,Waddon,E09000008,Croydon,0,3.5,45.9,50.6,0.1,,0,3.5,0,0,0,36.4,0,9.5,0,0,0,0,0,50.6,0,0.1,100
E05000168,00AHHD,West Thornton,E09000008,Croydon,0,7.1,33.2,59.6,0.1,,0,7.1,0,0,0,8.4,0,24.8,0,0,0,0,0,59.6,0,0.1,100
E05000169,00AHHE,Woodside,E09000008,Croydon,0,18.3,53.8,20.8,7.1,,0,18.3,0,0,0,0,35.5,18.3,0,0,0,11.6,9.1,0,0,7.1,100
E05000170,00AJGC,Acton Central,E09000009,Ealing,0,59.7,37,3.3,0,,0,0,0,59.7,0,11.1,0,0,0,26,0,0,0,3.3,0,0,100
E05000171,00AJGD,Cleveland,E09000009,Ealing,0,69.3,30.4,0.2,0,,0,69.3,0,0,0,0,9.9,20.5,0,0,0,0,0.2,0,0,0,100
E05000172,00AJGE,Dormers Wells,E09000009,Ealing,0,53.8,39.2,7,0,,0,53.8,0,0,0,22.2,0,17,0,0,0,0,0,7,0,0,100
E05000173,00AJGF,Ealing Broadway,E09000009,Ealing,5,33.3,57.8,3.9,0,,5,31.7,0,0,1.6,3.5,0,54.3,0,0,0,0,0.1,3.8,0,0,100
E05000174,00AJGG,Ealing Common,E09000009,Ealing,79.2,17.7,1.9,1.2,0,,79.2,0,0,12.3,5.5,0,0,0.4,0,1.5,0,0,0,1.2,0,0,100
E05000175,00AJGH,East Acton,E09000009,Ealing,10.9,42.1,29.8,17.2,0,,10.9,6.4,0,34.6,1.1,13.2,0,11.4,0,5.2,0,0,0,17.2,0,0,100
E05000176,00AJGJ,Elthorne,E09000009,Ealing,4.3,59.2,32.5,4,0,,4.3,59,0,0,0.1,3.3,0,29.2,0,0,0,0,0,4,0,0,100
E05000177,00AJGK,Greenford Broadway,E09000009,Ealing,0,78.5,21.5,0,0,,0,78.5,0,0,0,0.2,0,21.4,0,0,0,0,0,0,0,0,100
E05000178,00AJGL,Greenford Green,E09000009,Ealing,0,66.7,31,2.3,0,,0,66.7,0,0,0,8.9,0,22.1,0,0,0,0,0,2.3,0,0,100
E05000179,00AJGM,Hanger Hill,E09000009,Ealing,0,21.1,24.4,42.4,12.1,,0,19.6,0,1.5,0,17.6,2.2,3.6,0,1,0,13.8,1.1,27.4,0,12.1,100
E05000180,00AJGN,Hobbayne,E09000009,Ealing,0,57.6,39.7,2.3,0.4,,0,57.6,0,0,0,0.6,1.2,37.8,0,0,0,0,2.3,0,0,0.4,100
E05000181,00AJGP,Lady Margaret,E09000009,Ealing,0,44,51.4,4.7,0,,0,44,0,0,0,37.7,0,13.7,0,0,0,0,0,4.7,0,0,100
E05000182,00AJGQ,Northfield,E09000009,Ealing,69.7,26,4.2,0,0,,69.7,8.8,0,0,17.3,0,0,4.2,0,0,0,0,0,0,0,0,100
E05000183,00AJGR,North Greenford,E09000009,Ealing,0,70,29.5,0.4,0,,0,70,0,0,0,3.2,0,26.4,0,0,0,0,0,0.4,0,0,100
E05000184,00AJGS,Northolt Mandeville,E09000009,Ealing,0,58.2,40.5,1.2,0.1,,0,58.2,0,0,0,38.7,0,1.7,0,0,0,0,0,1.2,0,0.1,100
E05000185,00AJGT,Northolt West End,E09000009,Ealing,0,74.9,25,0.1,0,,0,74.9,0,0,0,0,0,25,0,0,0,0,0,0.1,0,0,100
E05000186,00AJGU,Norwood Green,E09000009,Ealing,0,51.3,39.3,9.4,0,,0,51.2,0,0,0.1,36.8,0,2.5,0,0,0,0,0,9.4,0,0,100
E05000187,00AJGW,Perivale,E09000009,Ealing,0,32.7,40.6,26.7,0,,0,32.7,0,0,0,6.2,0,34.4,0,0,0,0,0,26.7,0,0,100
E05000188,00AJGX,South Acton,E09000009,Ealing,31.4,57.6,10.5,0.5,0,,31.4,0,0,57.3,0.2,0,0,0,0,10.5,0,0,0,0.5,0,0,100
E05000189,00AJGY,Southall Broadway,E09000009,Ealing,0,11.2,78.4,10.4,0,,0,11.2,0,0,0,17.2,0,61.2,0,0,0,0,0,10.4,0,0,100
E05000190,00AJGZ,Southall Green,E09000009,Ealing,0,1,68.7,30.1,0.2,,0,1,0,0,0,67.6,0,1.1,0,0,0,0,0,30.1,0,0.2,100
E05000191,00AJHA,Southfield,E09000009,Ealing,3.8,79.6,16.6,0,0,,3.8,0,0,78.9,0.6,0,0,0,0,16.6,0,0,0,0,0,0,100
E05000192,00AJHB,Walpole,E09000009,Ealing,44.2,34.6,21.2,0,0,,44.2,19.7,0,0,14.9,0,0,21.2,0,0,0,0,0,0,0,0,100
E05000193,00AKGL,Bowes,E09000010,Enfield,0.2,52.7,39,8.1,0.1,,0.2,0,0,7.4,45.3,0,0,0,0,39,0,0,0,0,8.1,0.1,100
E05000194,00AKGM,Bush Hill Park,E09000010,Enfield,1.1,11.2,30.7,57.1,0,,1.1,0,1.5,1.3,8.5,0,0,0,8.3,4.1,18.3,0,0,0,57.1,0,100
E05000195,00AKGN,Chase,E09000010,Enfield,40.7,46.3,12,0,1,,40.7,0.1,0,0,46.2,0,0.1,0,0,12,0,0,0,0,0,1,100
E05000196,00AKGP,Cockfosters,E09000010,Enfield,8.3,39.9,37,14.1,0.8,,8.3,27,0,0,12.9,3.7,0.5,32.7,0,0.1,0,0.6,1,12.5,0,0.8,100
E05000197,00AKGQ,Edmonton Green,E09000010,Enfield,45,48.6,5.9,0.6,0,,45,0,0,6.4,42.2,0,0,0,0,5.8,0,0,0,0,0.6,0,100
E05000198,00AKGR,Enfield Highway,E09000010,Enfield,42.2,57.7,0.1,0,0,,42.2,0,0,0,57.7,0,0,0,0,0.1,0,0,0,0,0,0,100
E05000199,00AKGS,Enfield Lock,E09000010,Enfield,61.8,37.4,0.8,0,0,,61.8,0,0,4.3,33.1,0,0,0,0,0.8,0,0,0,0,0,0,100
E05000200,00AKGT,Grange,E09000010,Enfield,18.7,32.1,23.4,25.8,0,,18.7,0,9,0,23.1,0,0,0,4.9,0,18.5,0,0,0,25.8,0,100
E05000201,00AKGU,Haselbury,E09000010,Enfield,24.3,42.9,25,7.8,0,,24.3,0,1.9,0,41.1,0,0,0,2.9,2.1,20,0,0,0,7.8,0,100
E05000202,00AKGW,Highlands,E09000010,Enfield,3.1,50.4,45.5,1,0,,3.1,0,0,0,50.4,0,0,0,0,45.3,0.2,0,0,0,1,0,100
E05000203,00AKGX,Jubilee,E09000010,Enfield,31.3,50.5,18.2,0,0,,31.3,0,0.4,7.4,42.7,0,0,0,0,15.5,2.6,0,0,0,0,0,100
E05000204,00AKGY,Lower Edmonton,E09000010,Enfield,16.7,65.7,17.6,0,0,,16.7,0,0,5.9,59.8,0,0,0,0,17.6,0,0,0,0,0,0,100
E05000205,00AKGZ,Palmers Green,E09000010,Enfield,9.9,26.8,40.2,23.2,0,,9.9,0,2.9,0.5,23.4,0,0,0,24,0.9,15.2,0,0,0,23.2,0,100
E05000206,00AKHA,Ponders End,E09000010,Enfield,30.1,63.2,6.7,0,0,,30.1,0,0,8.7,54.5,0,0,0,0,6.7,0,0,0,0,0,0,100
E05000207,00AKHB,Southbury,E09000010,Enfield,18.1,56.4,25.5,0,0,,18.1,0,0,26.1,30.3,0,0,0,0,25.5,0,0,0,0,0,0,100
E05000208,00AKHC,Southgate,E09000010,Enfield,26.4,31.5,38.5,3.7,0,,26.4,0,10.6,0,20.9,0,0,1.1,0.2,0,37.2,0,0,0,3.7,0,100
E05000209,00AKHD,Southgate Green,E09000010,Enfield,34.8,46.6,18.6,0,0,,34.8,0,24.6,0,22,0,0,0,0,0,18.6,0,0,0,0,0,100
E05000210,00AKHE,Town,E09000010,Enfield,19.3,66.9,13.8,0,0,,19.3,0,0,7.9,59,0,0,0,0,13.8,0,0,0,0,0,0,100
E05000211,00AKHF,Turkey Street,E09000010,Enfield,6.4,59.1,34.5,0,0,,6.4,0,0,12,47.1,0,0,0,0,34.5,0,0,0,0,0,0,100
E05000212,00AKHG,Upper Edmonton,E09000010,Enfield,17.2,56.9,14,12,0,,17.2,0,2.2,3.8,50.9,0,0,0,8.9,4.5,0.6,0,0,0,12,0,100
E05000213,00AKHH,Winchmore Hill,E09000010,Enfield,2.6,11.1,68.2,18.1,0,,2.6,0,11.1,0,0,0,0,0,2.4,0,65.8,0,0,0,18.1,0,100
E05000214,00ALGP,Abbey Wood,E09000011,Greenwich,0,71.6,25.2,3.1,0,,0,71.6,0,0,0,12.6,0,12.6,0,0,0,0,0,3.1,0,0,100
E05000215,00ALGQ,Blackheath Westcombe,E09000011,Greenwich,7.1,61.9,31.1,0,0,,7.1,51.8,0,0,10.1,0,0,31.1,0,0,0,0,0,0,0,0,100
E05000216,00ALGR,Charlton,E09000011,Greenwich,0,30.2,68.8,1,0,,0,30.2,0,0,0,0,0,68.8,0,0,0,0,0,1,0,0,100
E05000217,00ALGS,Coldharbour and New Eltham,E09000011,Greenwich,0,32.8,49.6,17.6,0,,0,32.8,0,0,0,15.7,0.2,33.7,0,0,0,0,0,17.6,0,0,100
E05000218,00ALGT,Eltham North,E09000011,Greenwich,0,21.4,41.9,36.7,0,,0,21.4,0,0,0,0.8,0,41.1,0,0,0,0,0,36.7,0,0,100
E05000219,00ALGU,Eltham South,E09000011,Greenwich,0,58.8,41.1,0.1,0,,0,58.8,0,0,0,0,0,41.1,0,0,0,0,0,0.1,0,0,100
E05000220,00ALGW,Eltham West,E09000011,Greenwich,0,39.5,41.2,19.4,0,,0,39.5,0,0,0,0,0,41.1,0,0,0,0,0,19.4,0,0,100
E05000221,00ALGX,Glyndon,E09000011,Greenwich,0,64.9,14.6,13,7.4,,0,64.9,0,0,0,0.4,2.8,11.5,0,0,0,0.5,0,12.6,0,7.4,100
E05000222,00ALGY,Greenwich West,E09000011,Greenwich,12.4,44.2,42.1,1.3,0,,12.4,44.2,0,0,0,6.4,0,35.7,0,0,0,0,0,1.3,0,0,100
E05000223,00ALGZ,Kidbrooke with Hornfair,E09000011,Greenwich,0,29.8,21.4,48.9,0,,0,29.8,0,0,0,1.6,0,19.8,0,0,0,0,0,48.9,0,0,100
E05000224,00ALHA,Middle Park and Sutcliffe,E09000011,Greenwich,0,42.5,41.9,13.9,1.7,,0,42.5,0,0,0,0.2,0.9,40.7,0,0,0,9.5,1.3,3.1,0,1.7,100
E05000225,00ALHB,Peninsula,E09000011,Greenwich,19.1,50.2,29.9,0.8,0,,19.1,0.6,0,11.2,38.4,0,0,5.3,0,24.6,0,0,0,0.8,0,0,100
E05000226,00ALHC,Plumstead,E09000011,Greenwich,0,57.7,42.3,0,0,,0,57.7,0,0,0,0.1,0,42.2,0,0,0,0,0,0,0,0,100
E05000227,00ALHD,Shooters Hill,E09000011,Greenwich,0,32.3,39.6,24.8,3.3,,0,32.3,0,0,0,12.1,8.9,18.6,0,0,0,0,15.2,9.5,0,3.3,100
E05000228,00ALHE,Thamesmead Moorings,E09000011,Greenwich,0,13.7,39.5,17.8,28.9,,0,13.7,0,0,0,39.4,0,0.1,0,0,0,3.1,0,14.8,0,28.9,100
E05000229,00ALHF,Woolwich Common,E09000011,Greenwich,0,8.6,34.3,50.2,6.9,,0,8.6,0,0,0,0,34.3,0.1,0,0,0,0.4,46.8,3,0,6.9,100
E05000230,00ALHG,Woolwich Riverside,E09000011,Greenwich,0,7.8,13.9,42.2,36.1,,0,7.8,0,0,0,8.6,1.8,3.5,0,0,0,38.1,3.2,1,0,36.1,100
E05000231,00AMGA,Brownswood,E09000012,Hackney,59.9,40.1,0,0,0,,59.9,0,0,0,40.1,0,0,0,0,0,0,0,0,0,0,0,100
E05000232,00AMGB,Cazenove,E09000012,Hackney,23.8,73.5,2.7,0,0,,23.8,0,0,0,73.5,0,0,0,0,2.7,0,0,0,0,0,0,100
E05000233,00AMGC,Chatham,E09000012,Hackney,59.4,39.9,0.7,0,0,,59.4,0,0,0.5,39.4,0,0,0,0,0.7,0,0,0,0,0,0,100
E05000234,00AMGD,Clissold,E09000012,Hackney,29.4,55,15.6,0,0,,29.4,0,0,21.6,33.4,0,0,0,0,15.6,0,0,0,0,0,0,100
E05000235,00AMGE,Dalston,E09000012,Hackney,33.6,64.4,1.9,0,0,,33.6,0,0,0.3,64.1,0,0,0,0,1.9,0,0,0,0,0,0,100
E05000236,00AMGF,De Beauvoir,E09000012,Hackney,24.3,58.8,16.9,0,0,,24.3,0,0,51.1,7.7,0,0,0,0,16.9,0,0,0,0,0,0,100
E05000237,00AMGG,Hackney Central,E09000012,Hackney,56.2,43.7,0.1,0,0,,56.2,0,0,0,43.7,0,0,0,0,0.1,0,0,0,0,0,0,100
E05000238,00AMGH,Hackney Downs,E09000012,Hackney,44.5,55.5,0,0,0,,44.5,0,0,0,55.5,0,0,0,0,0,0,0,0,0,0,0,100
E05000239,00AMGJ,Haggerston,E09000012,Hackney,49.2,41.4,9.4,0,0,,49.2,0,0,8.9,32.5,0,0,0,0,9.4,0,0,0,0,0,0,100
E05000240,00AMGK,Hoxton,E09000012,Hackney,4.5,56.1,37.8,1.6,0,,4.5,0,0,49.2,6.8,0,0,0,10.9,26.9,0,0,0,0,1.6,0,100
E05000241,00AMGL,King's Park,E09000012,Hackney,89.3,10.7,0,0,0,,89.3,0,0,0,10.7,0,0,0,0,0,0,0,0,0,0,0,100
E05000242,00AMGM,Leabridge,E09000012,Hackney,75.6,24.4,0,0,0,,75.6,0,0,0,24.4,0,0,0,0,0,0,0,0,0,0,0,100
E05000243,00AMGN,Lordship,E09000012,Hackney,2.8,62.2,35,0,0,,2.8,0,0,16.3,45.9,0,0,0,0,35,0,0,0,0,0,0,100
E05000244,00AMGP,New River,E09000012,Hackney,15.8,75.5,8.7,0,0,,15.8,0,0,15.7,59.7,0,0,0,0,8.7,0,0,0,0,0,0,100
E05000245,00AMGQ,Queensbridge,E09000012,Hackney,81.5,18.5,0,0,0,,81.5,0,0,0,18.5,0,0,0,0,0,0,0,0,0,0,0,100
E05000246,00AMGR,Springfield,E09000012,Hackney,67.6,32.4,0,0,0,,67.6,0,0,0,32.4,0,0,0,0,0,0,0,0,0,0,0,100
E05000247,00AMGS,Stoke Newington Central,E09000012,Hackney,68.2,23.2,8.5,0,0,,68.2,0,0,0,23.2,0,0,0,0,8.5,0,0,0,0,0,0,100
E05000248,00AMGT,Victoria,E09000012,Hackney,90.3,9.7,0,0,0,,90.3,0,0,0,9.7,0,0,0,0,0,0,0,0,0,0,0,100
E05000249,00AMGU,Wick,E09000012,Hackney,87.1,12.9,0,0,0,,87.1,0,0,0,12.9,0,0,0,0,0,0,0,0,0,0,0,100
E05000250,00ANGA,Addison,E09000013,Hammersmith and Fulham,8.5,51.3,40.2,0,0,,8.5,0,0,44.8,6.5,0,0,0,0,40.2,0,0,0,0,0,0,100
E05000251,00ANGB,Askew,E09000013,Hammersmith and Fulham,62.6,32.3,5.1,0,0,,62.6,0,0,4.8,27.5,0,0,0,0,5.1,0,0,0,0,0,0,100
E05000252,00ANGC,Avonmore and Brook Green,E09000013,Hammersmith and Fulham,10.3,82.4,7.3,0,0,,10.3,0,0,82.4,0,0,0,0,0,7.3,0,0,0,0,0,0,100
E05000253,00ANGD,College Park and Old Oak,E09000013,Hammersmith and Fulham,19,35.3,29.3,16.4,0,,19,25.4,0,0,9.9,1.1,0,28.1,0,0,0,0,0,16.4,0,0,100
E05000254,00ANGE,Fulham Broadway,E09000013,Hammersmith and Fulham,0.1,54.5,40.8,4.6,0,,0.1,0,0.1,46.8,7.6,0,0,0,6.6,32.5,1.7,0,0,0,4.6,0,100
E05000255,00ANGF,Fulham Reach,E09000013,Hammersmith and Fulham,0.5,17.8,59.6,22.2,0,,0.5,0,4.9,12.9,0,0,0,0,51.8,5.9,1.9,0,0,0,22.2,0,100
E05000256,00ANGG,Hammersmith Broadway,E09000013,Hammersmith and Fulham,20.8,77.2,2,0,0,,20.8,0,0,21.3,55.9,0,0,0,0,2,0,0,0,0,0,0,100
E05000257,00ANGH,Munster,E09000013,Hammersmith and Fulham,28.1,66.5,3.7,1.8,0,,28.1,0,0.8,0,65.7,0,0,0,2.2,0,1.4,0,0,0,1.8,0,100
E05000258,00ANGJ,North End,E09000013,Hammersmith and Fulham,0,42.9,54.8,2.3,0,,0,0,0,42.9,0,0,0,0,5.4,49.4,0,0,0,0,2.3,0,100
E05000259,00ANGK,Palace Riverside,E09000013,Hammersmith and Fulham,73.6,22.6,3.8,0,0,,73.6,0,9.3,0,13.2,0,0,0,0,0,3.8,0,0,0,0,0,100
E05000260,00ANGL,Parsons Green and Walham,E09000013,Hammersmith and Fulham,12.6,76.5,10.9,0,0,,12.6,0,0,71.1,5.4,0,0,0,0,10.9,0,0,0,0,0,0,100
E05000261,00ANGM,Ravenscourt Park,E09000013,Hammersmith and Fulham,77.1,22.9,0,0,0,,77.1,0,0,0,22.9,0,0,0,0,0,0,0,0,0,0,0,100
E05000262,00ANGN,Sands End,E09000013,Hammersmith and Fulham,2,54.3,43.6,0,0,,2,0,0,54.3,0,0,0,0,0,43.6,0,0,0,0,0,0,100
E05000263,00ANGP,Shepherd's Bush Green,E09000013,Hammersmith and Fulham,36.3,46.5,17.2,0,0,,36.3,0,0,41.7,4.8,0,0,0,0,17.2,0,0,0,0,0,0,100
E05000264,00ANGQ,Town,E09000013,Hammersmith and Fulham,15.3,70.9,13.8,0,0,,15.3,0,0,9.8,61,0,0,0,0,13.8,0,0,0,0,0,0,100
E05000265,00ANGR,Wormholt and White City,E09000013,Hammersmith and Fulham,28.5,64,7.5,0,0,,28.5,0,0,47.8,16.2,0,0,0,0,7.5,0,0,0,0,0,0,100
E05000266,00APGA,Alexandra,E09000014,Haringey,41.7,57,1.3,0,0,,41.7,0,0,2.5,54.5,0,0,0,0,1.3,0,0,0,0,0,0,100
E05000267,00APGB,Bounds Green,E09000014,Haringey,34.7,28.3,37,0,0,,34.7,0,0,22.2,6.1,0,0,0,0,37,0,0,0,0,0,0,100
E05000268,00APGC,Bruce Grove,E09000014,Haringey,32.5,65.2,2.3,0,0,,32.5,0,0,6.2,59,0,0,0,0,2.3,0,0,0,0,0,0,100
E05000269,00APGD,Crouch End,E09000014,Haringey,16.4,34.4,49.2,0,0,,16.4,0,0,4.3,30.1,0,0,0,0,49.2,0,0,0,0,0,0,100
E05000270,00APGE,Fortis Green,E09000014,Haringey,46.7,46.1,4.6,2.6,0,,46.7,0,0,18.5,27.6,0.5,0,0.2,0,3.9,0,0,0,2.6,0,0,100
E05000271,00APGF,Harringay,E09000014,Haringey,11.2,79.3,9.6,0,0,,11.2,0,0,42,37.3,0,0,0,0,9.6,0,0,0,0,0,0,100
E05000272,00APGG,Highgate,E09000014,Haringey,33,61.3,5.7,0,0,,33,1,0,3.4,56.9,0,0,0.3,0,5.4,0,0,0,0,0,0,100
E05000273,00APGH,Hornsey,E09000014,Haringey,51.1,41.7,7.2,0,0,,51.1,0,0,32.1,9.6,0,0,0,0,7.2,0,0,0,0,0,0,100
E05000274,00APGJ,Muswell Hill,E09000014,Haringey,89.5,10.4,0.1,0,0,,89.5,0,0,0,10.4,0,0,0,0,0.1,0,0,0,0,0,0,100
E05000275,00APGK,Noel Park,E09000014,Haringey,50.7,18.7,30.6,0,0,,50.7,0,0,12.5,6.2,0,0,0,0,30.6,0,0,0,0,0,0,100
E05000276,00APGL,Northumberland Park,E09000014,Haringey,5.3,73.5,21.3,0,0,,5.3,0,0,26,47.4,0,0,0,0,21.3,0,0,0,0,0,0,100
E05000277,00APGM,St. Ann's,E09000014,Haringey,38.7,46.1,15.2,0,0,,38.7,0,0,21.8,24.4,0,0,0,0,15.2,0,0,0,0,0,0,100
E05000278,00APGN,Seven Sisters,E09000014,Haringey,26.9,70.9,2.2,0,0,,26.9,0,0,30.6,40.3,0,0,0,0,2.2,0,0,0,0,0,0,100
E05000279,00APGP,Stroud Green,E09000014,Haringey,35.1,60.8,4.2,0,0,,35.1,0,0,16,44.8,0,0,0,0,4.2,0,0,0,0,0,0,100
E05000280,00APGQ,Tottenham Green,E09000014,Haringey,28.8,66.1,5.1,0,0,,28.8,0,0,37.5,28.6,0,0,0,0,5.1,0,0,0,0,0,0,100
E05000281,00APGR,Tottenham Hale,E09000014,Haringey,73.4,20.3,6.3,0,0,,73.4,0,0,0.8,19.5,0,0,0,0,6.3,0,0,0,0,0,0,100
E05000282,00APGS,West Green,E09000014,Haringey,93.1,6.9,0,0,0,,93.1,0,0,3.7,3.2,0,0,0,0,0,0,0,0,0,0,0,100
E05000283,00APGT,White Hart Lane,E09000014,Haringey,48.9,31,20,0.1,0,,48.9,0,0,11.1,19.9,0,0,0,0,20,0,0,0,0,0.1,0,100
E05000284,00APGU,Woodside,E09000014,Haringey,49.5,41.6,8.9,0,0,,49.5,0,0,39.6,2,0,0,0,0,8.9,0,0,0,0,0,0,100
E05000285,00AQFY,Belmont,E09000015,Harrow,0,0,2.3,48.5,49.3,,0,0,0,0,0,2.1,0.2,0,0,0,0,23.7,19.2,5.5,0,49.3,100
E05000286,00AQFZ,Canons,E09000015,Harrow,0,0,47.1,52.6,0.4,,0,0,0,0,0,0,47.1,0,0,0,0,0,52.6,0,0,0.4,100
E05000287,00AQGA,Edgware,E09000015,Harrow,0,11.3,26.7,55.9,6.2,,0,11.3,0,0,0,2.8,23.8,0.1,0,0,0,0.4,2.9,52.6,0,6.2,100
E05000288,00AQGB,Greenhill,E09000015,Harrow,0,0,30.3,57.5,12.2,,0,0,0,0,0,0.1,21.6,8.6,0,0,0,7.7,49.8,0,0,12.2,100
E05000289,00AQGC,Harrow on the Hill,E09000015,Harrow,0,15.5,34.4,36.1,14.1,,0,15.5,0,0,0,0,1,33.4,0,0,0,4.1,19.1,12.8,0,14.1,100
E05000290,00AQGD,Harrow Weald,E09000015,Harrow,0,0,8.3,33.8,57.9,,0,0,0,0,0,0,8.3,0,0,0,0,26,7.8,0,0,57.9,100
E05000291,00AQGE,Hatch End,E09000015,Harrow,0,0,0,21.6,78.4,,0,0,0,0,0,0,0,0,0,0,0,16.4,5.1,0,0,78.4,100
E05000292,00AQGF,Headstone North,E09000015,Harrow,0,0,9.4,56.7,33.9,,0,0,0,0,0,0.1,9.4,0,0,0,0,6.9,49.8,0,0,33.9,100
E05000293,00AQGG,Headstone South,E09000015,Harrow,0,0,41.7,58.3,0,,0,0,0,0,0,0,41.7,0,0,0,0,0,58.3,0,0,0,100
E05000294,00AQGH,Kenton East,E09000015,Harrow,0,5.8,23.5,70.7,0,,0,5.8,0,0,0,20.9,0,2.7,0,0,0,0,0,70.7,0,0,100
E05000295,00AQGJ,Kenton West,E09000015,Harrow,0,5.5,17.6,66.4,10.6,,0,5.5,0,0,0,14.4,0,3.2,0,0,0,45.3,0,21.1,0,10.6,100
E05000296,00AQGK,Marlborough,E09000015,Harrow,0,0,5.5,61.5,33,,0,0,0,0,0,0,5.5,0,0,0,0,20.3,41.3,0,0,33,100
E05000297,00AQGL,Pinner,E09000015,Harrow,0,0,19.3,55.9,24.9,,0,0,0,0,0,19.3,0,0,0,0,0,1.2,0,54.7,0,24.9,100
E05000298,00AQGM,Pinner South,E09000015,Harrow,0,0,55.2,44.5,0.3,,0,0,0,0,0,55.2,0,0,0,0,0,6.9,0,37.6,0,0.3,100
E05000299,00AQGN,Queensbury,E09000015,Harrow,0,0.5,22.1,71.2,6.2,,0,0.5,0,0,0,20.7,0,1.4,0,0,0,9,0,62.2,0,6.2,100
E05000300,00AQGP,Rayners Lane,E09000015,Harrow,0,0.2,32.3,30.6,37,,0,0.2,0,0,0,0,31.1,1.3,0,0,0,9.2,21.3,0,0,37,100
E05000301,00AQGQ,Roxbourne,E09000015,Harrow,0,2.7,26.4,45.4,25.5,,0,2.7,0,0,0,0,14.5,11.9,0,0,0,8.6,27.2,9.6,0,25.5,100
E05000302,00AQGR,Roxeth,E09000015,Harrow,0,46.5,22,31.5,0,,0,46.5,0,0,0,10.2,2.2,9.6,0,0,0,0,3.2,28.3,0,0,100
E05000303,00AQGS,Stanmore Park,E09000015,Harrow,0,0,34.2,54.8,11,,0,0,0,0,0,0,34.2,0,0,0,0,0,54.8,0,0,11,100
E05000304,00AQGT,Wealdstone,E09000015,Harrow,0,0,0,6,94,,0,0,0,0,0,0,0,0,0,0,0,1.3,4.6,0,0,94,100
E05000305,00AQGU,West Harrow,E09000015,Harrow,0,0,11.7,55.5,32.7,,0,0,0,0,0,0,11.7,0,0,0,0,15.7,39.8,0,0,32.7,100
E05000306,00ARGC,Brooklands,E09000016,Havering,0,6.7,30.8,51.4,11,,0,6.7,0,0,0,13.3,0,17.6,0,0,0,0,0,51.4,0,11,100
E05000307,00ARGD,Cranham,E09000016,Havering,0,0,32.6,40.5,26.9,,0,0,0,0,0,0,32.6,0,0,0,0,0.2,39.2,1.1,0,26.9,100
E05000308,00ARGE,Elm Park,E09000016,Havering,0,22.9,75.1,2,0,,0,22.9,0,0,0,0,0,75.1,0,0,0,0,0,2,0,0,100
E05000309,00ARGF,Emerson Park,E09000016,Havering,0,0,0.3,21.9,77.7,,0,0,0,0,0,0.1,0.2,0,0,0,0,9.9,9.4,2.6,0,77.7,100
E05000310,00ARGG,Gooshays,E09000016,Havering,0,42,21,36.3,0.7,,0,42,0,0,0,0,2.9,18.1,0,0,0,0,33.3,3.1,0,0.7,100
E05000311,00ARGH,Hacton,E09000016,Havering,0,2.2,31.3,66.5,0,,0,2.2,0,0,0,0,0,31.3,0,0,0,0,0,66.5,0,0,100
E05000312,00ARGJ,Harold Wood,E09000016,Havering,0,0.7,19.9,50.5,28.9,,0,0.7,0,0,0,0,10,9.9,0,0,0,0,44.6,5.9,0,28.9,100
E05000313,00ARGK,Havering Park,E09000016,Havering,0,13.3,65.3,21.4,0,,0,13.3,0,0,0,5.5,0,59.7,0,0,0,0,0,21.4,0,0,100
E05000314,00ARGL,Heaton,E09000016,Havering,0,14.3,30.3,55.4,0,,0,14.3,0,0,0,14.8,0,15.5,0,0,0,0,0,55.4,0,0,100
E05000315,00ARGM,Hylands,E09000016,Havering,0,0,31,53.9,15.1,,0,0,0,0,0,14,0,17,0,0,0,0.1,0,53.8,0,15.1,100
E05000316,00ARGN,Mawneys,E09000016,Havering,0,1.8,27.6,52.7,18,,0,1.8,0,0,0,27.2,0,0.4,0,0,0,0,0,52.7,0,18,100
E05000317,00ARGP,Pettits,E09000016,Havering,0,14.5,27,53.7,4.8,,0,14.5,0,0,0,20.7,0,6.3,0,0,0,0.2,0,53.4,0,4.8,100
E05000318,00ARGQ,Rainham and Wennington,E09000016,Havering,0,0,9.8,37.6,52.6,,0,0,0,0,0,9.8,0,0,0,0,0,24.2,0,13.3,0,52.6,100
E05000319,00ARGR,Romford Town,E09000016,Havering,0,0,20.2,69.3,10.5,,0,0,0,0,0,20.2,0,0,0,0,0,4.4,0,64.9,0,10.5,100
E05000320,00ARGS,St. Andrew's,E09000016,Havering,0,0,8.4,88.9,2.7,,0,0,0,0,0,8.4,0,0,0,0,0,0.2,0,88.7,0,2.7,100
E05000321,00ARGT,South Hornchurch,E09000016,Havering,0,31.9,49,18.9,0.2,,0,31.9,0,0,0,10.4,0,38.6,0,0,0,0,0,18.9,0,0.2,100
E05000322,00ARGU,Squirrel's Heath,E09000016,Havering,0,0,0,16.5,83.5,,0,0,0,0,0,0,0,0,0,0,0,8.8,7.1,0.6,0,83.5,100
E05000323,00ARGW,Upminster,E09000016,Havering,0,0.2,2.3,41.1,56.4,,0,0.2,0,0,0,1.2,1.1,0,0,0,0,21.8,1.9,17.4,0,56.4,100
E05000324,00ASGG,Barnhill,E09000017,Hillingdon,0,70.7,29.3,0,0,,0,70.7,0,0,0,0,0,29.3,0,0,0,0,0,0,0,0,100
E05000325,00ASGH,Botwell,E09000017,Hillingdon,0,44.4,51.7,3.9,0,,0,44.4,0,0,0,8.8,1,41.8,0,0,0,0,2.5,1.4,0,0,100
E05000326,00ASGJ,Brunel,E09000017,Hillingdon,0,0.2,26.3,50.1,23.4,,0,0.2,0,0,0,3,23.2,0.1,0,0,0,0.6,29.7,19.7,0,23.4,100
E05000327,00ASGK,Cavendish,E09000017,Hillingdon,0,29.3,64.1,6.6,0,,0,29.3,0,0,0,6.5,22.8,34.7,0,0,0,0,4.7,1.9,0,0,100
E05000328,00ASGL,Charville,E09000017,Hillingdon,0,48.3,46.2,5.5,0,,0,48.3,0,0,0,9.5,0,36.7,0,0,0,0,0,5.5,0,0,100
E05000329,00ASGM,Eastcote and East Ruislip,E09000017,Hillingdon,0,44.3,19.2,36.3,0.3,,0,44.3,0,0,0,4.1,0,15.1,0,0,0,0,0,36.3,0,0.3,100
E05000330,00ASGN,Harefield,E09000017,Hillingdon,0,13.1,28.6,47.4,10.9,,0,13.1,0,0,0,20.8,2.5,5.3,0,0,0,16.3,6.2,24.9,0,10.9,100
E05000331,00ASGP,Heathrow Villages,E09000017,Hillingdon,0,12.6,43.9,21.5,22,,0,12.6,0,0,0,11,9.5,23.4,0,0,0,10.3,5.7,5.4,0,22,100
E05000332,00ASGQ,Hillingdon East,E09000017,Hillingdon,0,22.3,42.9,34.7,0.2,,0,22.3,0,0,0,0.9,18.8,23.2,0,0,0,0,22.8,11.9,0,0.2,100
E05000333,00ASGR,Ickenham,E09000017,Hillingdon,0,19.7,34,41.5,4.8,,0,19.7,0,0,0,0,30.3,3.6,0,0,0,3.5,38,0,0,4.8,100
E05000334,00ASGS,Manor,E09000017,Hillingdon,0,61.3,35,3.7,0,,0,61.3,0,0,0,6.6,0,28.5,0,0,0,0,0,3.7,0,0,100
E05000335,00ASGT,Northwood,E09000017,Hillingdon,0,13.4,32.2,54.4,0,,0,13.4,0,0,0,21.1,0,11.1,0,0,0,0,0,54.4,0,0,100
E05000336,00ASGU,Northwood Hills,E09000017,Hillingdon,0,30.2,32,37.7,0,,0,30.2,0,0,0,27.9,0,4.2,0,0,0,0,0,37.7,0,0,100
E05000337,00ASGW,Pinkwell,E09000017,Hillingdon,0,0.1,45.1,53.9,0.9,,0,0.1,0,0,0,0,43.2,1.8,0,0,0,0,53.9,0,0,0.9,100
E05000338,00ASGX,South Ruislip,E09000017,Hillingdon,0,18.9,65.9,15.1,0.1,,0,18.9,0,0,0,12.5,26.8,26.6,0,0,0,0,12.6,2.5,0,0.1,100
E05000339,00ASGY,Townfield,E09000017,Hillingdon,0,45.5,53.3,1.3,0,,0,45.5,0,0,0,0.1,0,53.2,0,0,0,0,0,1.3,0,0,100
E05000340,00ASGZ,Uxbridge North,E09000017,Hillingdon,0.1,0.1,35.2,61.3,3.3,,0.1,0.1,0,0,0,0,35.2,0,0,0,0,3.7,57.7,0,0,3.3,100
E05000341,00ASHA,Uxbridge South,E09000017,Hillingdon,0,0,3.9,72.5,23.6,,0,0,0,0,0,0,3.9,0,0,0,0,50.3,22.2,0,0,23.6,100
E05000342,00ASHB,West Drayton,E09000017,Hillingdon,0,13.9,38.8,47.1,0.3,,0,13.9,0,0,0,21,0,17.9,0,0,0,0,0,47.1,0,0.3,100
E05000343,00ASHC,West Ruislip,E09000017,Hillingdon,0,47.2,31,21.2,0.6,,0,47.2,0,0,0,4.6,0,26.4,0,0,0,0,0,21.2,0,0.6,100
E05000344,00ASHD,Yeading,E09000017,Hillingdon,0,67.8,32,0.2,0,,0,67.8,0,0,0,7,0,25.1,0,0,0,0,0,0.2,0,0,100
E05000345,00ASHE,Yiewsley,E09000017,Hillingdon,0,1.5,22.7,57.5,18.3,,0,1.5,0,0,0,19.3,1.1,2.3,0,0,0,15.3,17.7,24.5,0,18.3,100
E05000346,00ATFY,Bedfont,E09000018,Hounslow,0,32.3,46.3,21.4,0,,0,32.3,0,0,0,42.2,0,4.1,0,0,0,0,0,21.4,0,0,100
E05000347,00ATFZ,Brentford,E09000018,Hounslow,60.4,38.3,1.3,0,0,,60.4,0,0,12.3,26,0,0,0,0,1.3,0,0,0,0,0,0,100
E05000348,00ATGA,Chiswick Homefields,E09000018,Hounslow,54,44.2,1.8,0,0,,54,0,0,0,44.2,0,0,0,0,1.8,0,0,0,0,0,0,100
E05000349,00ATGB,Chiswick Riverside,E09000018,Hounslow,36.9,57.7,5.4,0,0,,36.9,0,0,12.4,45.2,0,0,0,0,5.4,0,0,0,0,0,0,100
E05000350,00ATGC,Cranford,E09000018,Hounslow,0,8.3,70.2,21.5,0,,0,8.3,0,0,0,25.6,15,29.6,0,0,0,0,0.1,21.4,0,0,100
E05000351,00ATGD,Feltham North,E09000018,Hounslow,0,30.9,39.6,29.5,0,,0,30.9,0,0,0,9.2,0,30.4,0,0,0,0,0,29.5,0,0,100
E05000352,00ATGE,Feltham West,E09000018,Hounslow,0,15.6,45.9,38.4,0,,0,15.6,0,0,0,37.2,0,8.7,0,0,0,0,0,38.4,0,0,100
E05000353,00ATGF,Hanworth,E09000018,Hounslow,51,34.9,10.1,4,0,,51,13.4,0,3.1,18.4,0.8,2.9,3,0,3.4,0,1.1,2.7,0.2,0,0,100
E05000354,00ATGG,Hanworth Park,E09000018,Hounslow,3.2,48.5,36.9,11.5,0,,3.2,47.8,0,0,0.7,14.7,4.1,18,0,0,0,0,5.4,6,0,0,100
E05000355,00ATGH,Heston Central,E09000018,Hounslow,19.1,29.7,18.5,32.6,0,,19.1,6.9,0,0,22.9,8.8,0,9.7,0,0,0,0,0,32.6,0,0,100
E05000356,00ATGJ,Heston East,E09000018,Hounslow,34.2,40.6,16.9,8.3,0,,34.2,22.8,0,0,17.8,3.1,0,12.9,0,0.8,0,0,0,8.3,0,0,100
E05000357,00ATGK,Heston West,E09000018,Hounslow,0,4.9,33.3,53.7,8.1,,0,4.9,0,0,0,23.5,0.7,9,0,0,0,0,4.3,49.4,0,8.1,100
E05000358,00ATGL,Hounslow Central,E09000018,Hounslow,38.2,47.3,14.5,0,0,,38.2,0,0,19.4,28,0,0,0,0,14.5,0,0,0,0,0,0,100
E05000359,00ATGM,Hounslow Heath,E09000018,Hounslow,20.9,72.3,5.6,1.1,0,,20.9,1.4,0,0,70.9,0,0,1.3,0,4.3,0,0,0,1.1,0,0,100
E05000360,00ATGN,Hounslow South,E09000018,Hounslow,13.2,37.3,49.5,0,0,,13.2,0,0,30.8,6.5,0,0,0,0,49.5,0,0,0,0,0,0,100
E05000361,00ATGP,Hounslow West,E09000018,Hounslow,16.7,51.8,27.6,3.9,0,,16.7,10.9,0,0,40.9,8.8,0,18.8,0,0,0,0,0,3.9,0,0,100
E05000362,00ATGQ,Isleworth,E09000018,Hounslow,75.3,21.5,3.1,0,0,,75.3,0,0,1.6,19.9,0,0,0,0,3.1,0,0,0,0,0,0,100
E05000363,00ATGR,Osterley and Spring Grove,E09000018,Hounslow,27.2,50.6,22.1,0,0,,27.2,0,0,6.4,44.3,0,0,0.5,0,21.6,0,0,0,0,0,0,100
E05000364,00ATGS,Syon,E09000018,Hounslow,43.2,42.5,14.4,0,0,,43.2,0,0,9.1,33.4,0,0,0.2,0,14.2,0,0,0,0,0,0,100
E05000365,00ATGT,Turnham Green,E09000018,Hounslow,58.6,36.9,4.5,0,0,,58.6,0,0,5.9,31,0,0,0,0,4.5,0,0,0,0,0,0,100
E05000366,00AUFX,Barnsbury,E09000019,Islington,0,57.9,39.7,2.4,0,,0,0,0,57.9,0,0,0,0,34,5.7,0,0,0,0,2.4,0,100
E05000367,00AUFY,Bunhill,E09000019,Islington,0,10.5,74.4,15.1,0,,0,0,0,10.5,0,0,0,0,74.3,0.1,0,0,0,0,15.1,0,100
E05000368,00AUFZ,Caledonian,E09000019,Islington,0,79,21,0,0,,0,0,0,79,0,0,0,0,2.9,18,0,0,0,0,0,0,100
E05000369,00AUGA,Canonbury,E09000019,Islington,0,51.7,45.9,2.5,0,,0,0,0,51.7,0,0,0,0,4.8,41.1,0,0,0,0,2.5,0,100
E05000370,00AUGB,Clerkenwell,E09000019,Islington,0,46.5,52,1.5,0,,0,0,0,46.5,0,0,0,0,51,1,0,0,0,0,1.5,0,100
E05000371,00AUGC,Finsbury Park,E09000019,Islington,37.1,41.9,21,0,0,,37.1,0,0,7.6,34.3,0,0,0,0,21,0,0,0,0,0,0,100
E05000372,00AUGD,Highbury East,E09000019,Islington,12.9,81.4,5.7,0,0,,12.9,0,0,40.2,41.2,0,0,0,0,5.7,0,0,0,0,0,0,100
E05000373,00AUGE,Highbury West,E09000019,Islington,29,36.1,34.9,0,0,,29,0,0,16.9,19.2,0,0,0,0,34.9,0,0,0,0,0,0,100
E05000374,00AUGF,Hillrise,E09000019,Islington,2,80.3,17.7,0,0,,2,0,0,78.9,1.5,0,0,0,0,17.7,0,0,0,0,0,0,100
E05000375,00AUGG,Holloway,E09000019,Islington,0,72.3,27.7,0,0,,0,0,0,72.3,0,0,0,0,0,27.7,0,0,0,0,0,0,100
E05000376,00AUGH,Junction,E09000019,Islington,29.6,45.5,24.9,0,0,,29.6,0,0,42.8,2.8,0,0,0,0,24.9,0,0,0,0,0,0,100
E05000377,00AUGJ,Mildmay,E09000019,Islington,7.1,46.8,46.1,0,0,,7.1,0,0,34.8,12,0,0,0,0,46.1,0,0,0,0,0,0,100
E05000378,00AUGK,St. George's,E09000019,Islington,2.1,59.1,38.8,0,0,,2.1,0,0,59.1,0,0,0,0,0,38.8,0,0,0,0,0,0,100
E05000379,00AUGL,St. Mary's,E09000019,Islington,0,53.9,44.7,1.4,0,,0,0,0,53.9,0,0,0,0,42.1,2.6,0,0,0,0,1.4,0,100
E05000380,00AUGM,St. Peter's,E09000019,Islington,0,23.3,46.8,29.9,0,,0,0,0,23.3,0,0,0,0,46.8,0,0,0,0,0,29.9,0,100
E05000381,00AUGN,Tollington,E09000019,Islington,12.4,73.9,13.7,0,0,,12.4,0,0,56,17.9,0,0,0,0,13.7,0,0,0,0,0,0,100
E05000382,00AWFY,Abingdon,E09000020,Kensington and Chelsea,81.1,17.9,1,0,0,,81.1,0,0,3.2,14.7,0,0.8,0,0,0.2,0,0,0,0,0,0,100
E05000383,00AWFZ,Brompton,E09000020,Kensington and Chelsea,74.5,20.5,5,0,0,,74.5,0,0,17.3,3.1,0,0,0,0,5,0,0,0,0,0,0,100
E05000384,00AWGA,Campden,E09000020,Kensington and Chelsea,72.4,27.6,0,0,0,,72.4,0,0,0,27.6,0,0,0,0,0,0,0,0,0,0,0,100
E05000385,00AWGB,Colville,E09000020,Kensington and Chelsea,0.7,3.3,95.5,0.5,0,,0.7,3.3,0,0,0,92.6,0,2.9,0,0,0,0,0,0.5,0,0,100
E05000386,00AWGC,Courtfield,E09000020,Kensington and Chelsea,26.7,46.5,26.8,0,0,,26.7,0,0,45.9,0.6,0,0,0,0,26.8,0,0,0,0,0,0,100
E05000387,00AWGD,Cremorne,E09000020,Kensington and Chelsea,64.2,35.8,0,0,0,,64.2,0,0,35.8,0,0,0,0,0,0,0,0,0,0,0,0,100
E05000388,00AWGE,Earl's Court,E09000020,Kensington and Chelsea,0,57.8,42.2,0,0,,0,0,0,37.6,20.2,0,0,0,0,42.2,0,0,0,0,0,0,100
E05000389,00AWGF,Golborne,E09000020,Kensington and Chelsea,0,2.9,96.4,0.7,0,,0,2.9,0,0,0,96.4,0,0,0,0,0,0,0,0.7,0,0,100
E05000390,00AWGG,Hans Town,E09000020,Kensington and Chelsea,35.1,55.9,8.9,0,0,,35.1,0,0,52.1,3.8,0,0,0,0,8.9,0,0,0,0,0,0,100
E05000391,00AWGH,Holland,E09000020,Kensington and Chelsea,95.1,4.9,0,0,0,,95.1,0,0,0,4.9,0,0,0,0,0,0,0,0,0,0,0,100
E05000392,00AWGJ,Norland,E09000020,Kensington and Chelsea,75.4,14.6,10,0,0,,75.4,0.6,0,13,1,9.8,0,0,0,0.2,0,0,0,0,0,0,100
E05000393,00AWGK,Notting Barns,E09000020,Kensington and Chelsea,14.1,68.1,17.8,0,0,,14.1,31.2,0,33.1,3.8,16.3,0,1.3,0,0.2,0,0,0,0,0,0,100
E05000394,00AWGL,Pembridge,E09000020,Kensington and Chelsea,31.4,40.2,25,3.4,0,,31.4,9.4,0,0,30.8,3,0,22,0,0,0,0,0,3.4,0,0,100
E05000395,00AWGM,Queen's Gate,E09000020,Kensington and Chelsea,86.9,13,0,0,0,,86.9,0,0,0,13,0,0,0,0,0,0,0,0,0,0,0,100
E05000396,00AWGN,Redcliffe,E09000020,Kensington and Chelsea,0,86.5,13.5,0,0,,0,0,0,86.5,0,0,0,0,0,13.5,0,0,0,0,0,0,100
E05000397,00AWGP,Royal Hospital,E09000020,Kensington and Chelsea,79,21,0,0,0,,79,0,0,16.1,4.9,0,0,0,0,0,0,0,0,0,0,0,100
E05000398,00AWGQ,St. Charles,E09000020,Kensington and Chelsea,0,88.7,11.3,0,0,,0,88.7,0,0,0,9.5,0,1.8,0,0,0,0,0,0,0,0,100
E05000399,00AWGR,Stanley,E09000020,Kensington and Chelsea,23.5,63.9,12.6,0,0,,23.5,0,0,62.8,1.1,0,0,0,0,12.6,0,0,0,0,0,0,100
E05000400,00AXFX,Alexandra,E09000021,Kingston upon Thames,0,5.4,50,44.6,0,,0,0,1.3,4.1,0,0,0,0,13.5,36.5,0,0,0,0,44.6,0,100
E05000401,00AXFY,Berrylands,E09000021,Kingston upon Thames,0,38.4,61.6,0,0,,0,0,0,36.1,2.3,0,0,0,0,61.6,0,0,0,0,0,0,100
E05000402,00AXFZ,Beverley,E09000021,Kingston upon Thames,0,0,43,57,0,,0,0,0,0,0,0,0,0,28.4,14.6,0,0,0,0,57,0,100
E05000403,00AXGA,Canbury,E09000021,Kingston upon Thames,23,25.5,51.5,0,0,,23,0,0,20,5.5,0,0,0,0,51.5,0,0,0,0,0,0,100
E05000404,00AXGB,Chessington North and Hook,E09000021,Kingston upon Thames,0.1,30.7,57.4,11.7,0,,0.1,0.5,0,29.8,0.5,19.8,0,4.7,0,32.9,0,0,0,11.7,0,0,100
E05000405,00AXGC,Chessington South,E09000021,Kingston upon Thames,0,24.6,49,26.4,0,,0,24.6,0,0,0,21,0,28.1,0,0,0,0,0,26.4,0,0,100
E05000406,00AXGD,Coombe Hill,E09000021,Kingston upon Thames,15.7,47.7,36.6,0,0,,15.7,0,0,2.1,45.6,0,0,0,0,36.6,0,0,0,0,0,0,100
E05000407,00AXGE,Coombe Vale,E09000021,Kingston upon Thames,0,13.2,75.7,11,0,,0,0,0,13.2,0,0,0,0,0,75.7,0,0,0,0,11,0,100
E05000408,00AXGF,Grove,E09000021,Kingston upon Thames,20.9,58.4,20.7,0,0,,20.9,0,0,29.3,29.1,0,0,0,0,20.7,0,0,0,0,0,0,100
E05000409,00AXGG,Norbiton,E09000021,Kingston upon Thames,0,35,65,0,0,,0,0,0,35,0,0,0,0,0,65,0,0,0,0,0,0,100
E05000410,00AXGH,Old Malden,E09000021,Kingston upon Thames,15.6,57.5,24.4,2,0.4,,15.6,0,34,8.1,15.3,0,0,0,2.1,2.8,19.5,0,0,0,2,0.4,100
E05000411,00AXGJ,St. James,E09000021,Kingston upon Thames,0,13.1,59.3,27.6,0,,0,0,13.1,0,0,0,0,0,18.6,0,40.7,0,0,0,27.6,0,100
E05000412,00AXGK,St. Mark's,E09000021,Kingston upon Thames,55.4,7.4,25.4,11.8,0,,55.4,0,0,4.7,2.7,0,0,0,0,25.4,0,0,0,11.8,0,0,100
E05000413,00AXGL,Surbiton Hill,E09000021,Kingston upon Thames,0.2,43,56.2,0.5,0,,0.2,0,0,16.8,26.2,0,0,0,0,56.2,0,0,0,0.5,0,0,100
E05000414,00AXGM,Tolworth and Hook Rise,E09000021,Kingston upon Thames,0,11.8,87,1.2,0,,0,0,0,11.8,0,0,0,0,0,87,0,0,0,0,1.2,0,100
E05000415,00AXGN,Tudor,E09000021,Kingston upon Thames,40.8,53.2,6,0,0,,40.8,0,0,22.6,30.6,0,0,0,0,6,0,0,0,0,0,0,100
E05000416,00AYFZ,Bishop's,E09000022,Lambeth,0,13,25.5,57,4.6,,0,13,0,0,0,25.5,0,0,0,0,0,56.7,0,0.3,0,4.6,100
E05000417,00AYGA,Brixton Hill,E09000022,Lambeth,45.3,34.4,20.3,0,0,,45.3,16.3,0,6.1,11.9,0.2,0,0.3,0,19.8,0,0,0,0,0,0,100
E05000418,00AYGB,Clapham Common,E09000022,Lambeth,45,49.7,5.3,0,0,,45,0,0,0.5,49.2,0,0,0,0,5.3,0,0,0,0,0,0,100
E05000419,00AYGC,Clapham Town,E09000022,Lambeth,61.1,38.8,0.1,0,0,,61.1,0,0,0,38.8,0,0,0.1,0,0,0,0,0,0,0,0,100
E05000420,00AYGD,Coldharbour,E09000022,Lambeth,0.2,35,62.6,2.3,0,,0.2,35,0,0,0,52.1,0,10.6,0,0,0,0,1.9,0.3,0,0,100
E05000421,00AYGE,Ferndale,E09000022,Lambeth,7.1,53.2,35.6,4,0,,7.1,1.8,0,18.2,33.2,16,0,0,0,19.6,0,0,0,4,0,0,100
E05000422,00AYGF,Gipsy Hill,E09000022,Lambeth,0,6,49.5,44.5,0,,0,6,0,0,0,44.7,0,4.7,0,0,0,0,0,44.5,0,0,100
E05000423,00AYGG,Herne Hill,E09000022,Lambeth,0,20.5,20.3,46.3,12.9,,0,20.5,0,0,0,1.9,13,5.4,0,0,0,34.9,11.4,0,0,12.9,100
E05000424,00AYGH,Knight's Hill,E09000022,Lambeth,0,3,62,34.7,0.3,,0,3,0,0,0,49.6,0,12.4,0,0,0,0,0,34.7,0,0.3,100
E05000425,00AYGJ,Larkhall,E09000022,Lambeth,5.2,66.3,28.5,0,0,,5.2,0,0,41.9,24.4,0,0,0,0,28.5,0,0,0,0,0,0,100
E05000426,00AYGK,Oval,E09000022,Lambeth,0,5.5,78.6,15.9,0,,0,0,0,5.5,0,67.8,0.3,0,0,10.5,0,1.7,0,14.2,0,0,100
E05000427,00AYGL,Prince's,E09000022,Lambeth,0,0,36.2,43,20.9,,0,0,0,0,0,36.2,0,0,0,0,0,35.3,0,7.6,0,20.9,100
E05000428,00AYGM,St. Leonard's,E09000022,Lambeth,54.5,44.8,0.7,0,0,,54.5,0,0,0,44.8,0,0,0.7,0,0,0,0,0,0,0,0,100
E05000429,00AYGN,Stockwell,E09000022,Lambeth,0,60,32.4,7.7,0,,0,0,0,60,0,19.7,0,0,0,12.6,0,0,0,7.7,0,0,100
E05000430,00AYGP,Streatham Hill,E09000022,Lambeth,23.9,27,41.8,7.2,0,,23.9,13,0,0,14,12.3,0,29.3,0,0.2,0,0,0,7.2,0,0,100
E05000431,00AYGQ,Streatham South,E09000022,Lambeth,22.2,57.8,20,0,0,,22.2,16.3,0,11.6,29.9,0,0,11.5,0,8.5,0,0,0,0,0,0,100
E05000432,00AYGR,Streatham Wells,E09000022,Lambeth,5.7,41.1,35.1,17.7,0.3,,5.7,22.3,0,0,18.9,1.3,0,33.9,0,0,0,0,0,17.7,0,0.3,100
E05000433,00AYGS,Thornton,E09000022,Lambeth,59.1,28.4,12.5,0,0,,59.1,0,0,1.7,26.7,0,0,0,0,12.5,0,0,0,0,0,0,100
E05000434,00AYGT,Thurlow Park,E09000022,Lambeth,0,25.4,45.3,28.7,0.6,,0,25.4,0,0,0,4,6.6,34.7,0,0,0,0,2.2,26.5,0,0.6,100
E05000435,00AYGU,Tulse Hill,E09000022,Lambeth,5.8,71.5,22.8,0,0,,5.8,71.5,0,0,0,0,0,22.8,0,0,0,0,0,0,0,0,100
E05000436,00AYGW,Vassall,E09000022,Lambeth,0,2.3,68.8,28.9,0,,0,2.1,0,0.2,0,55.8,13,0,0,0,0,8.1,1.3,19.4,0,0,100
E05000437,00AZGD,Bellingham,E09000023,Lewisham,0,23.4,45.4,31.1,0,,0,23.4,0,0,0,31.5,0,14,0,0,0,0,0,31.1,0,0,100
E05000438,00AZGE,Blackheath,E09000023,Lewisham,0,40.7,52.2,7,0,,0,40.7,0,0,0,7.7,0,44.5,0,0,0,0,0,7,0,0,100
E05000439,00AZGF,Brockley,E09000023,Lewisham,0,19.5,63.9,16.1,0.4,,0,19.5,0,0,0,33.3,0,30.7,0,0,0,0,0,16.1,0,0.4,100
E05000440,00AZGG,Catford South,E09000023,Lewisham,0,0.4,22,77.7,0,,0,0.4,0,0,0,20.5,0,1.5,0,0,0,0,0,77.7,0,0,100
E05000441,00AZGH,Crofton Park,E09000023,Lewisham,0,7.9,39,25.3,27.8,,0,7.9,0,0,0,0,17.2,21.8,0,0,0,0,19.6,5.7,0,27.8,100
E05000442,00AZGJ,Downham,E09000023,Lewisham,0,49.7,23.9,26,0.3,,0,49.7,0,0,0,10.6,0,13.3,0,0,0,0,0,26,0,0.3,100
E05000443,00AZGK,Evelyn,E09000023,Lewisham,0,15.2,67.5,17.3,0,,0,14.6,0,0,0.6,61.6,0.1,5,0,0,0.8,0,8.6,8.7,0,0,100
E05000444,00AZGL,Forest Hill,E09000023,Lewisham,0,12.4,47.6,36.2,3.8,,0,12.4,0,0,0,37.8,3.5,6.3,0,0,0,0,2.9,33.3,0,3.8,100
E05000445,00AZGM,Grove Park,E09000023,Lewisham,0,6.1,33.7,53.2,6.9,,0,6.1,0,0,0,22.3,9.8,1.6,0,0,0,9.2,15.4,28.6,0,6.9,100
E05000446,00AZGN,Ladywell,E09000023,Lewisham,0,57.4,42.6,0,0,,0,57.4,0,0,0,0,0,42.6,0,0,0,0,0,0,0,0,100
E05000447,00AZGP,Lee Green,E09000023,Lewisham,0,18.6,47.1,34.3,0,,0,18.6,0,0,0,46.1,0,1,0,0,0,0,0,34.3,0,0,100
E05000448,00AZGQ,Lewisham Central,E09000023,Lewisham,0,55.3,23.5,21.1,0.1,,0,55.3,0,0,0,9.7,0,13.8,0,0,0,0,0,21.1,0,0.1,100
E05000449,00AZGR,New Cross,E09000023,Lewisham,0,0.4,55.4,30.9,13.3,,0,0.4,0,0,0,55.4,0,0,0,0,0,17.7,0,13.1,0,13.3,100
E05000450,00AZGS,Perry Vale,E09000023,Lewisham,0,0,19.8,78,2.2,,0,0,0,0,0,16.6,0,3.3,0,0,0,0,0.3,77.7,0,2.2,100
E05000451,00AZGT,Rushey Green,E09000023,Lewisham,0,42.3,53.1,4.6,0,,0,42.3,0,0,0,9.4,7.1,36.6,0,0,0,0.1,0.9,3.7,0,0,100
E05000452,00AZGU,Sydenham,E09000023,Lewisham,0,26.9,53.7,19.4,0,,0,26.9,0,0,0,32.8,0,20.9,0,0,0,0,0,19.4,0,0,100
E05000453,00AZGW,Telegraph Hill,E09000023,Lewisham,0,1.9,29.6,55.8,12.8,,0,1.9,0,0,0,23,2,4.6,0,0,0,36.7,8.3,10.7,0,12.8,100
E05000454,00AZGX,Whitefoot,E09000023,Lewisham,0,17.2,31.9,47.8,3.2,,0,17.2,0,0,0,19.6,0,12.3,0,0,0,0,0,47.8,0,3.2,100
E05000455,00BAFX,Abbey,E09000024,Merton,11,59.2,29.8,0,0,,11,0,0.5,29.5,29.2,0,0,0,0,29.8,0,0,0,0,0,0,100
E05000456,00BAFY,Cannon Hill,E09000024,Merton,33.7,63.2,3.1,0,0,,33.7,0,37.8,0,25.4,0,0,0,0,0,3.1,0,0,0,0,0,100
E05000457,00BAFZ,Colliers Wood,E09000024,Merton,0,66.1,33.9,0,0,,0,0,0,61.1,5,0,0,0,0,33.9,0,0,0,0,0,0,100
E05000458,00BAGA,Cricket Green,E09000024,Merton,95.9,4.1,0,0,0,,95.9,0,0,0.2,3.8,0,0,0,0,0,0,0,0,0,0,0,100
E05000459,00BAGB,Dundonald,E09000024,Merton,0.4,55,44.6,0,0,,0.4,0,0,28,27,0,0,0,0,44.6,0,0,0,0,0,0,100
E05000460,00BAGC,Figge's Marsh,E09000024,Merton,55.4,43.5,1.2,0,0,,55.4,0,0,11,32.5,0,0,0,0,1.2,0,0,0,0,0,0,100
E05000461,00BAGD,Graveney,E09000024,Merton,1.3,60.8,38,0,0,,1.3,0,0,37.5,23.3,0,0,0,0,38,0,0,0,0,0,0,100
E05000462,00BAGE,Hillside,E09000024,Merton,2.6,70.4,27,0,0,,2.6,0,0,0.9,69.5,0,0,0,0,27,0,0,0,0,0,0,100
E05000463,00BAGF,Lavender Fields,E09000024,Merton,19.6,55.5,24.9,0,0,,19.6,0,0,30.3,25.2,0,0,0,0,24.9,0,0,0,0,0,0,100
E05000464,00BAGG,Longthornton,E09000024,Merton,24.5,59.7,15.8,0,0,,24.5,0.2,0,40.1,19.4,0,0,0,0,15.8,0,0,0,0,0,0,100
E05000465,00BAGH,Lower Morden,E09000024,Merton,23,42.5,34.3,0.2,0,,23,0,20.4,18.9,3.2,0,0,0,0,1.8,32.4,0,0,0,0.2,0,100
E05000466,00BAGJ,Merton Park,E09000024,Merton,49.3,34.3,16.4,0,0,,49.3,0,12.1,14.6,7.7,0,0,0,0,4.3,12.2,0,0,0,0,0,100
E05000467,00BAGK,Pollards Hill,E09000024,Merton,52.9,44,3.1,0,0,,52.9,35.2,0,0,8.8,0,0,3.1,0,0,0,0,0,0,0,0,100
E05000468,00BAGL,Ravensbury,E09000024,Merton,84.1,15.6,0,0.2,0,,84.1,0,0,6.9,8.7,0,0,0,0,0,0,0.2,0,0,0,0,100
E05000469,00BAGM,Raynes Park,E09000024,Merton,5.5,37,57.4,0,0,,5.5,0,0,18.2,18.8,0,0,0,0,57.4,0,0,0,0,0,0,100
E05000470,00BAGN,St. Helier,E09000024,Merton,28.4,50.7,18.4,2.5,0,,28.4,0,17.4,10.1,23.2,0,0,0,2,4.1,12.3,0,0,0,2.5,0,100
E05000471,00BAGP,Trinity,E09000024,Merton,0,72,28,0,0,,0,0,0,72,0,0,0,0,0,28,0,0,0,0,0,0,100
E05000472,00BAGQ,Village,E09000024,Merton,42,51.2,6.8,0,0,,42,0,0,7.5,43.7,0,0,0,0,6.8,0,0,0,0,0,0,100
E05000473,00BAGR,West Barnes,E09000024,Merton,11.5,39.3,23.4,25.6,0.1,,11.5,0,2,0,37.3,0,0,0,8,7.5,7.9,0,0,0,25.6,0.1,100
E05000474,00BAGS,Wimbledon Park,E09000024,Merton,33.6,29.2,37.2,0,0,,33.6,0,0,1.1,28.1,0,0,0,0,37.2,0,0,0,0,0,0,100
E05000475,00BBGB,Beckton,E09000025,Newham,0,25.5,39.6,11.5,23.3,,0,0,25.5,0,0,0,16.5,0,0.3,0,22.9,0,11.4,0,0.1,23.3,100
E05000476,00BBGC,Boleyn,E09000025,Newham,9,59.7,31.2,0.1,0,,9,0,50.9,6.3,2.4,0,0,0,0.4,8,22.8,0,0,0,0.1,0,100
E05000477,00BBGD,Canning Town North,E09000025,Newham,0,0,92.1,7.9,0,,0,0,0,0,0,0,0,0,92.1,0,0,0,0,0,7.9,0,100
E05000478,00BBGE,Canning Town South,E09000025,Newham,0,2.6,60.8,36.6,0,,0,0,2.6,0,0,0,0,0,60.8,0,0,0,0,0,36.6,0,100
E05000479,00BBGF,Custom House,E09000025,Newham,0,72.7,26.8,0.5,0,,0,0,72.7,0,0,0,1.1,0,24.1,0,1.6,0,0,0,0.5,0,100
E05000480,00BBGG,East Ham Central,E09000025,Newham,1.2,50.6,48.2,0,0,,1.2,0,43.3,0,7.3,0,0,0,0,0,48.2,0,0,0,0,0,100
E05000481,00BBGH,East Ham North,E09000025,Newham,0.3,35,64.8,0,0,,0.3,0,0,34.3,0.6,0,0,0,0,64.8,0,0,0,0,0,0,100
E05000482,00BBGJ,East Ham South,E09000025,Newham,0,54.6,45,0.3,0,,0,0,54.6,0,0,0,0,0,2.8,0,42.3,0,0,0,0.3,0,100
E05000483,00BBGK,Forest Gate North,E09000025,Newham,30.5,65.5,4,0,0,,30.5,0,0,14.9,50.6,0,0,0,0,4,0,0,0,0,0,0,100
E05000484,00BBGL,Forest Gate South,E09000025,Newham,25.2,62.6,12.2,0,0,,25.2,0,0,0,62.6,0,0,0,0,7.6,4.6,0,0,0,0,0,100
E05000485,00BBGM,Green Street East,E09000025,Newham,5.7,48.4,45.9,0,0,,5.7,0,0,16.7,31.7,0,0,0,0,45.9,0,0,0,0,0,0,100
E05000486,00BBGN,Green Street West,E09000025,Newham,19.2,78.8,2,0,0,,19.2,0,0,0,78.8,0,0,0,0,2,0,0,0,0,0,0,100
E05000487,00BBGP,Little Ilford,E09000025,Newham,0,55.6,44.4,0,0,,0,0,0,55.5,0.1,0,0,0,0,44.4,0,0,0,0,0,0,100
E05000488,00BBGQ,Manor Park,E09000025,Newham,0,14.4,85.6,0,0,,0,0,0,13.2,1.2,0,0,0,0,85.6,0,0,0,0,0,0,100
E05000489,00BBGR,Plaistow North,E09000025,Newham,49.9,31.2,16,2.8,0,,49.9,0,20.5,0.1,10.6,0,0,0,13.9,2.1,0,0,0,0,2.8,0,100
E05000490,00BBGS,Plaistow South,E09000025,Newham,0,48.1,47,4.9,0,,0,0,48.1,0,0,0,0,0,42,0,5,0,0,0,4.9,0,100
E05000491,00BBGT,Royal Docks,E09000025,Newham,0,0,13.9,60.3,25.8,,0,0,0,0,0,0,0,0,13.9,0,0,27.9,0,0,32.4,25.8,100
E05000492,00BBGU,Stratford and New Town,E09000025,Newham,16.4,48.3,35.4,0,0,,16.4,0,0,44.4,3.8,0,0,0,0,35.4,0,0,0,0,0,0,100
E05000493,00BBGW,Wall End,E09000025,Newham,0,14.3,49.6,36.1,0,,0,0,14.3,0,0,0,0,0,13.3,0,36.3,0,0,0,36.1,0,100
E05000494,00BBGX,West Ham,E09000025,Newham,49.3,28.4,22.3,0,0,,49.3,0,26.1,0.7,1.6,0,0,0,4.9,0,17.4,0,0,0,0,0,100
E05000495,00BCFY,Aldborough,E09000026,Redbridge,6.7,19,69.5,4.8,0,,6.7,0,0.5,16.2,2.2,0,0,0,0.1,40.2,29.1,0,0,0.4,4.5,0,100
E05000496,00BCFZ,Barkingside,E09000026,Redbridge,26.3,41.7,32,0,0,,26.3,0,0,14.8,26.9,0,0,0,0,32,0,0,0,0,0,0,100
E05000497,00BCGA,Bridge,E09000026,Redbridge,65.9,34.1,0,0,0,,65.9,0,0,0,34.1,0,0,0,0,0,0,0,0,0,0,0,100
E05000498,00BCGB,Chadwell,E09000026,Redbridge,0,0.3,10.4,60.6,28.7,,0,0,0,0.3,0,9.1,0,0,0.5,0,0.8,50.2,0.7,9.7,0,28.7,100
E05000499,00BCGC,Church End,E09000026,Redbridge,73.1,26.3,0.5,0,0,,73.1,0,0,0.3,26.1,0,0,0,0,0.5,0,0,0,0,0,0,100
E05000500,00BCGD,Clayhall,E09000026,Redbridge,31.2,54.4,14.5,0,0,,31.2,0,0,12.1,42.2,0,0,0,0,14.5,0,0,0,0,0,0,100
E05000501,00BCGE,Clementswood,E09000026,Redbridge,20.6,40.4,35.4,3.6,0,,20.6,0,6.5,31.2,2.7,0,0,0,7.6,20.2,7.6,0,0,0,3.6,0,100
E05000502,00BCGF,Cranbrook,E09000026,Redbridge,67.1,32.9,0,0,0,,67.1,0,0,0,32.9,0,0,0,0,0,0,0,0,0,0,0,100
E05000503,00BCGG,Fairlop,E09000026,Redbridge,39.6,46.4,14,0,0,,39.6,0,0,8.6,37.8,0,0,0,0,14,0,0,0,0,0,0,100
E05000504,00BCGH,Fullwell,E09000026,Redbridge,46.6,52.5,0.9,0,0,,46.6,0,0,5.1,47.4,0,0,0,0,0.9,0,0,0,0,0,0,100
E05000505,00BCGJ,Goodmayes,E09000026,Redbridge,2.4,13,57.3,27.3,0,,2.4,4.9,0,6.7,1.4,10.7,0,0,10.5,35.8,0.3,0,0,19.6,7.7,0,100
E05000506,00BCGK,Hainault,E09000026,Redbridge,47.7,41.7,10.5,0.2,0,,47.7,0,0,1.2,40.5,0,0,0.4,0,10,0,0,0,0.2,0,0,100
E05000507,00BCGL,Loxford,E09000026,Redbridge,24.1,38.8,37.1,0,0,,24.1,0,12.3,0.8,25.7,0,0,0,0,9.5,27.5,0,0,0,0,0,100
E05000508,00BCGM,Mayfield,E09000026,Redbridge,14.4,45.9,35.9,3.7,0,,14.4,10.3,15.3,1.8,18.5,0,0,14.2,12,4.1,5.6,0,0,0,3.7,0,100
E05000509,00BCGN,Monkhams,E09000026,Redbridge,80.9,19.1,0,0,0,,80.9,0,0,0,19.1,0,0,0,0,0,0,0,0,0,0,0,100
E05000510,00BCGP,Newbury,E09000026,Redbridge,16.4,41,36.3,6.3,0,,16.4,0,5.6,1.1,34.4,0,0,0,1.3,7,28,0,0,0,6.3,0,100
E05000511,00BCGQ,Roding,E09000026,Redbridge,58.7,41.3,0,0,0,,58.7,0,0,0,41.3,0,0,0,0,0,0,0,0,0,0,0,100
E05000512,00BCGR,Seven Kings,E09000026,Redbridge,2.3,46.2,42.2,8.9,0.4,,2.3,0,45.6,0.6,0,0,0.6,0,5,0,36.5,8.6,0.4,0,0,0.4,100
E05000513,00BCGS,Snaresbrook,E09000026,Redbridge,74.1,24.2,1.7,0,0,,74.1,0,0,0,24.2,0,0,0,0,1.7,0,0,0,0,0,0,100
E05000514,00BCGT,Valentines,E09000026,Redbridge,38.2,61.8,0,0,0,,38.2,0,0,0,61.8,0,0,0,0,0,0,0,0,0,0,0,100
E05000515,00BCGU,Wanstead,E09000026,Redbridge,72.1,27.8,0.1,0,0,,72.1,0,0,0,27.8,0,0,0,0,0.1,0,0,0,0,0,0,100
E05000516,00BDFW,Barnes,E09000027,Richmond upon Thames,39.5,24.6,35.9,0,0,,39.5,0,0,16.4,8.3,0,0,0,0,35.9,0,0,0,0,0,0,100
E05000517,00BDFX,East Sheen,E09000027,Richmond upon Thames,40.9,58.4,0.7,0,0,,40.9,0,0,7,51.5,0,0,0,0,0.7,0,0,0,0,0,0,100
E05000518,00BDFY,Fulwell and Hampton Hill,E09000027,Richmond upon Thames,37.7,48.8,13.5,0,0,,37.7,0,0,0.1,48.7,0,0,0,0,13.5,0,0,0,0,0,0,100
E05000519,00BDFZ,"Ham, Petersham and Richmond Riverside",E09000027,Richmond upon Thames,90.7,9.3,0,0,0,,90.7,0,0,0,9.3,0,0,0,0,0,0,0,0,0,0,0,100
E05000520,00BDGA,Hampton,E09000027,Richmond upon Thames,38.8,29.8,30.1,1.3,0,,38.8,0,0,24.3,5.4,0,0,0,0,30.1,0,0,0,1.3,0,0,100
E05000521,00BDGB,Hampton North,E09000027,Richmond upon Thames,9.1,66.7,24.3,0,0,,9.1,0,0,58.7,7.9,0,0,0,0,24.3,0,0,0,0,0,0,100
E05000522,00BDGC,Hampton Wick,E09000027,Richmond upon Thames,48.4,50.2,1.4,0,0,,48.4,0,0,3.2,47,0,0,0,0,1.4,0,0,0,0,0,0,100
E05000523,00BDGD,Heathfield,E09000027,Richmond upon Thames,67.6,29.9,2.5,0,0,,67.6,0,0,0,29.9,0,0,0,0,2.5,0,0,0,0,0,0,100
E05000524,00BDGE,Kew,E09000027,Richmond upon Thames,0.6,41.5,57.8,0,0,,0.6,0,0,35.1,6.5,0,0,0,0,57.8,0,0,0,0,0,0,100
E05000525,00BDGF,Mortlake and Barnes Common,E09000027,Richmond upon Thames,71.7,27.9,0.4,0,0,,71.7,0,0,0.6,27.3,0,0,0,0,0.4,0,0,0,0,0,0,100
E05000526,00BDGG,North Richmond,E09000027,Richmond upon Thames,33.1,48.6,18.3,0,0,,33.1,0,0,4.6,44,0,0,0,0,18.3,0,0,0,0,0,0,100
E05000527,00BDGH,St. Margarets and North Twickenham,E09000027,Richmond upon Thames,38.5,38.1,20,3.4,0,,38.5,0,0,11.5,26.6,0,0,0,7.3,12.8,0,0,0,0,3.4,0,100
E05000528,00BDGJ,South Richmond,E09000027,Richmond upon Thames,73.2,25.9,0.9,0,0,,73.2,0,0,0.6,25.3,0,0,0,0,0.9,0,0,0,0,0,0,100
E05000529,00BDGK,South Twickenham,E09000027,Richmond upon Thames,1.4,56.4,42.2,0,0,,1.4,0,0,55.2,1.1,0,0,0,0,42.2,0,0,0,0,0,0,100
E05000530,00BDGL,Teddington,E09000027,Richmond upon Thames,58,34.4,7.6,0,0,,58,0,0,4.2,30.2,0,0,0,0,7.6,0,0,0,0,0,0,100
E05000531,00BDGM,Twickenham Riverside,E09000027,Richmond upon Thames,60.1,36.4,3.4,0,0,,60.1,0,0,11.6,24.9,0,0,0,0,3.4,0,0,0,0,0,0,100
E05000532,00BDGN,West Twickenham,E09000027,Richmond upon Thames,32.2,33.5,34.3,0,0,,32.2,0,0,22.4,11.2,0,0,0,0,34.3,0,0,0,0,0,0,100
E05000533,00BDGP,Whitton,E09000027,Richmond upon Thames,0,54.5,45.4,0,0,,0,0,0,39.8,14.8,0,0,0,0,45.4,0,0,0,0,0,0,100
E05000534,00BEGC,Brunswick Park,E09000028,Southwark,0,0,47.8,44.3,7.9,,0,0,0,0,0,0,47.8,0,0,0,0,18.2,26.1,0,0,7.9,100
E05000535,00BEGD,Camberwell Green,E09000028,Southwark,0,0,50.6,45,4.3,,0,0,0,0,0,0,50.6,0,0,0,0,0,45,0,0,4.3,100
E05000536,00BEGE,Cathedrals,E09000028,Southwark,0,0,15.2,51,33.8,,0,0,0,0,0,0,0,0,15.2,0,0,25.1,0,0,25.9,33.8,100
E05000537,00BEGF,Chaucer,E09000028,Southwark,0,0,31,57.6,11.4,,0,0,0,0,0,0,0,0,31,0,0,47.5,0,0,10.2,11.4,100
E05000538,00BEGG,College,E09000028,Southwark,0,25,46.8,28.2,0,,0,25,0,0,0,12.5,0,34.3,0,0,0,0,3.3,24.8,0,0,100
E05000539,00BEGH,East Dulwich,E09000028,Southwark,0,0.1,11.2,87.7,0.9,,0,0.1,0,0,0,0,10.1,1.2,0,0,0,0,87.6,0.2,0,0.9,100
E05000540,00BEGJ,East Walworth,E09000028,Southwark,0,0,52.8,46.9,0.3,,0,0,0,0,0,0,52.8,0,0,0,0,23.2,23.7,0,0,0.3,100
E05000541,00BEGK,Faraday,E09000028,Southwark,0,0,67.3,32.7,0,,0,0,0,0,0,0,67.3,0,0,0,0,0,32.7,0,0,0,100
E05000542,00BEGL,Grange,E09000028,Southwark,0,8.9,57.3,30.3,3.5,,0,0,8.9,0,0,0,12.2,0,44.8,0,0.3,2.4,18.1,0,9.8,3.5,100
E05000543,00BEGM,Livesey,E09000028,Southwark,0,0,49.5,43.8,6.7,,0,0,0,0,0,0,46.3,0,0,0,3.2,34.2,8.9,0,0.7,6.7,100
E05000544,00BEGN,Newington,E09000028,Southwark,0,0,49.1,33.8,17.1,,0,0,0,0,0,0,49.1,0,0,0,0,28,5.8,0,0,17.1,100
E05000545,00BEGP,Nunhead,E09000028,Southwark,0,0,8.8,69.9,21.3,,0,0,0,0,0,0,8.8,0,0,0,0,20.6,49.2,0,0,21.3,100
E05000546,00BEGQ,Peckham,E09000028,Southwark,0,0,30.7,66.1,3.2,,0,0,0,0,0,0,30.7,0,0,0,0,2.9,63.2,0,0,3.2,100
E05000547,00BEGR,Peckham Rye,E09000028,Southwark,0,0,79.8,19.9,0.3,,0,0,0,0,0,0,79.8,0,0,0,0,0,19.9,0,0,0.3,100
E05000548,00BEGS,Riverside,E09000028,Southwark,0,19.7,67.7,12.6,0,,0,0,19.7,0,0,0,0,0,25.4,0,42.3,0,0,0,12.6,0,100
E05000549,00BEGT,Rotherhithe,E09000028,Southwark,0.5,58.1,35.7,5.7,0,,0.5,0.3,54.9,0,3,0,0.1,0.4,0,0,35.2,0,2.2,0,3.5,0,100
E05000550,00BEGU,South Bermondsey,E09000028,Southwark,0,0,8.6,90.4,0.9,,0,0,0,0,0,0,8.5,0,0,0,0.1,0,90.4,0,0,0.9,100
E05000551,00BEGW,South Camberwell,E09000028,Southwark,0,0,4.8,59.5,35.8,,0,0,0,0,0,0,4.8,0,0,0,0,38,21.4,0,0,35.8,100
E05000552,00BEGX,Surrey Docks,E09000028,Southwark,0.5,5.4,42.6,49.1,2.4,,0.5,0.6,1.5,0,3.3,0,0,7,16.1,0,19.5,0,7.4,1.1,40.6,2.4,100
E05000553,00BEGY,The Lane,E09000028,Southwark,0,0,56.4,42,1.6,,0,0,0,0,0,0,56.4,0,0,0,0,6.4,35.6,0,0,1.6,100
E05000554,00BEGZ,Village,E09000028,Southwark,0,9.9,40.2,42.6,7.4,,0,9.9,0,0,0,0,38.4,1.9,0,0,0,4,38.5,0,0,7.4,100
E05000555,00BFGC,Beddington North,E09000029,Sutton,0.5,65.7,18.4,15.4,0,,0.5,65.7,0,0,0,11.7,0,6.7,0,0,0,0,0,15.4,0,0,100
E05000556,00BFGD,Beddington South,E09000029,Sutton,0,79.4,18.5,2.1,0,,0,79.4,0,0,0,1.8,0,16.7,0,0,0,0,0,2.1,0,0,100
E05000557,00BFGE,Belmont,E09000029,Sutton,0,0,38.3,49.6,12.2,,0,0,0,0,0,36.2,0,2,0,0,0,38.7,0,10.9,0,12.2,100
E05000558,00BFGF,Carshalton Central,E09000029,Sutton,0,24.1,42.2,33.6,0,,0,13.3,0,10.8,0,41,0,0,0,1.3,0,0,0,33.6,0,0,100
E05000559,00BFGG,Carshalton South and Clockhouse,E09000029,Sutton,0,0,72.6,26.3,1.1,,0,0,0,0,0,72.6,0,0,0,0,0,13.9,0,12.4,0,1.1,100
E05000560,00BFGH,Cheam,E09000029,Sutton,18.1,27.4,25.4,28.5,0.5,,18.1,18.8,0,1.3,7.3,2.1,0,17.2,0,6.1,0,0.5,0,28.1,0,0.5,100
E05000561,00BFGJ,Nonsuch,E09000029,Sutton,55.1,38.2,6.7,0,0,,55.1,0,0,26.7,11.5,0,0,0,0,6.7,0,0,0,0,0,0,100
E05000562,00BFGK,St. Helier,E09000029,Sutton,25.6,66.9,7.5,0,0,,25.6,0,2.1,57.9,6.9,0,0,0,5.7,1.8,0,0,0,0,0,0,100
E05000563,00BFGL,Stonecot,E09000029,Sutton,16.3,41.6,40.3,1.7,0,,16.3,0,11.2,27.2,3.3,0,0,0,6.5,33.6,0.2,0,0,0,1.7,0,100
E05000564,00BFGM,Sutton Central,E09000029,Sutton,0,63.7,28.8,7.5,0,,0,0,0,63.7,0,23.2,0,0,4.3,1.2,0,0,0,7.5,0,0,100
E05000565,00BFGN,Sutton North,E09000029,Sutton,0,54,41.7,4.3,0,,0,0,0,54,0,0,0,0,34.9,6.8,0,0,0,0,4.3,0,100
E05000566,00BFGP,Sutton South,E09000029,Sutton,0,0,40.8,47.7,11.5,,0,0,0,0,0,40.8,0,0,0,0,0,5.3,0,42.4,0,11.5,100
E05000567,00BFGQ,Sutton West,E09000029,Sutton,9.5,31.6,31.8,27.1,0,,9.5,6.5,0,22.9,2.2,14.4,0,4.6,0,12.8,0,0,0,27.1,0,0,100
E05000568,00BFGR,The Wrythe,E09000029,Sutton,11.1,82.5,5.6,0.9,0,,11.1,6.5,0,76,0,1.9,0,0.4,0,3.3,0,0,0,0.9,0,0,100
E05000569,00BFGS,Wallington North,E09000029,Sutton,0,61.8,31.9,6.3,0,,0,61.8,0,0,0,2.1,0,29.8,0,0,0,0,0,6.3,0,0,100
E05000570,00BFGT,Wallington South,E09000029,Sutton,0,12,53.2,34.8,0,,0,12,0,0,0,35,0,18.2,0,0,0,0,0,34.8,0,0,100
E05000571,00BFGU,Wandle Valley,E09000029,Sutton,84.1,15.9,0,0,0,,84.1,0,0,1.3,14.6,0,0,0,0,0,0,0,0,0,0,0,100
E05000572,00BFGW,Worcester Park,E09000029,Sutton,6.9,54.6,38.5,0,0,,6.9,0,0,54.6,0,0,0,0,5.7,32.9,0,0,0,0,0,0,100
E05000573,00BGFW,Bethnal Green North,E09000030,Tower Hamlets,86.5,13.5,0,0,0,,86.5,0,0,0,13.5,0,0,0,0,0,0,0,0,0,0,0,100
E05000574,00BGFX,Bethnal Green South,E09000030,Tower Hamlets,38.9,51,10.1,0,0,,38.9,0,0,50.9,0.2,0,0,0,0,10.1,0,0,0,0,0,0,100
E05000575,00BGFY,Blackwall and Cubitt Town,E09000030,Tower Hamlets,38.7,30.2,30.9,0.2,0,,38.7,0,2.1,13.8,14.3,0,1.2,0,25.9,3.8,0,0,0,0,0.2,0,100
E05000576,00BGFZ,Bow East,E09000030,Tower Hamlets,45.5,49.8,4.7,0,0,,45.5,0,0,8.6,41.3,0,0,0,0,4.7,0,0,0,0,0,0,100
E05000577,00BGGA,Bow West,E09000030,Tower Hamlets,92.5,7.5,0,0,0,,92.5,0,0,0,7.5,0,0,0,0,0,0,0,0,0,0,0,100
E05000578,00BGGB,Bromley-by-Bow,E09000030,Tower Hamlets,29.8,53.6,16.6,0,0,,29.8,0,0,51.9,1.7,0,0,0,0,16.6,0,0,0,0,0,0,100
E05000579,00BGGC,East India and Lansbury,E09000030,Tower Hamlets,0.4,32.5,60.4,6.7,0,,0.4,0,0,32.5,0,0,0,0,47.8,12.6,0,0,0,0,6.7,0,100
E05000580,00BGGD,Limehouse,E09000030,Tower Hamlets,61.2,19.8,13.7,5.3,0,,61.2,0,0,16.7,3.1,0,0,0,13.7,0,0,0,0,0,5.3,0,100
E05000581,00BGGE,Mile End and Globe Town,E09000030,Tower Hamlets,86.9,13.1,0,0,0,,86.9,0,0,0,13.1,0,0,0,0,0,0,0,0,0,0,0,100
E05000582,00BGGF,Mile End East,E09000030,Tower Hamlets,90.6,8.9,0.4,0,0,,90.6,0,0,2.9,6.1,0,0,0,0,0.4,0,0,0,0,0,0,100
E05000583,00BGGG,Millwall,E09000030,Tower Hamlets,6.7,62.4,29.4,1.6,0,,6.7,0,0,32.2,30.2,0,0,0,3.9,25.5,0,0,0,0,1.6,0,100
E05000584,00BGGH,St. Dunstan's and Stepney Green,E09000030,Tower Hamlets,82,18,0,0,0,,82,0,0,18,0,0,0,0,0,0,0,0,0,0,0,0,100
E05000585,00BGGJ,St. Katharine's and Wapping,E09000030,Tower Hamlets,0,0.6,94.4,5,0,,0,0,0,0.6,0,0,0,0,94.4,0,0,0,0,0,5,0,100
E05000586,00BGGK,Shadwell,E09000030,Tower Hamlets,17.2,71,9.4,2.4,0,,17.2,0,0,71,0,0,0,0,5.4,4,0,0,0,0,2.4,0,100
E05000587,00BGGL,Spitalfields and Banglatown,E09000030,Tower Hamlets,0.3,61.3,28.7,9.7,0,,0.3,0,0,61.3,0,0,0,0,8.8,19.9,0,0,0,0,9.7,0,100
E05000588,00BGGM,Weavers,E09000030,Tower Hamlets,95.5,4.3,0.2,0,0,,95.5,0,0,4,0.3,0,0,0,0,0.2,0,0,0,0,0,0,100
E05000589,00BGGN,Whitechapel,E09000030,Tower Hamlets,0.9,75,23.1,1,0,,0.9,0,0,75,0,0,0,0,16.3,6.9,0,0,0,0,1,0,100
E05000590,00BHFX,Cann Hall,E09000031,Waltham Forest,71.5,28,0.5,0,0,,71.5,0,0,1.3,26.7,0,0,0,0,0.5,0,0,0,0,0,0,100
E05000591,00BHFY,Cathall,E09000031,Waltham Forest,28.3,54.7,17.1,0,0,,28.3,0,0,48.8,5.9,0,0,0,0,17.1,0,0,0,0,0,0,100
E05000592,00BHFZ,Chapel End,E09000031,Waltham Forest,41.6,53.8,4.6,0,0,,41.6,0,0,6.2,47.6,0,0,0,0,4.6,0,0,0,0,0,0,100
E05000593,00BHGA,Chingford Green,E09000031,Waltham Forest,81,19,0,0,0,,81,0,0,0,19,0,0,0,0,0,0,0,0,0,0,0,100
E05000594,00BHGB,Endlebury,E09000031,Waltham Forest,57.5,32.8,9.7,0,0,,57.5,0,0,7.3,25.5,0,0,0,0,9.7,0,0,0,0,0,0,100
E05000595,00BHGC,Forest,E09000031,Waltham Forest,55.9,43.5,0.5,0,0,,55.9,0,0,17.4,26.1,0,0,0,0,0.5,0,0,0,0,0,0,100
E05000596,00BHGD,Grove Green,E09000031,Waltham Forest,12.8,47.6,39.6,0,0,,12.8,0,0,47.6,0,0,0,0,0,39.6,0,0,0,0,0,0,100
E05000597,00BHGE,Hale End and Highams Park,E09000031,Waltham Forest,59.5,37.9,2.6,0,0,,59.5,0,0,13.3,24.6,0,0,0,0,2.6,0,0,0,0,0,0,100
E05000598,00BHGF,Hatch Lane,E09000031,Waltham Forest,63.9,36.1,0,0,0,,63.9,0,0,0,36.1,0,0,0,0,0,0,0,0,0,0,0,100
E05000599,00BHGG,High Street,E09000031,Waltham Forest,62.3,29.9,7.8,0,0,,62.3,0,0,27,2.9,0,0,0,0,7.8,0,0,0,0,0,0,100
E05000600,00BHGH,Higham Hill,E09000031,Waltham Forest,46.5,47.8,5.7,0,0,,46.5,0,0,1.1,46.7,0,0,0,0,5.7,0,0,0,0,0,0,100
E05000601,00BHGJ,Hoe Street,E09000031,Waltham Forest,20,63.1,16.9,0,0,,20,0,0,62.5,0.6,0,0,0,0,16.9,0,0,0,0,0,0,100
E05000602,00BHGK,Larkswood,E09000031,Waltham Forest,21.5,66.7,11.7,0,0,,21.5,0,0,55.6,11.2,0,0,0,0,11.7,0,0,0,0,0,0,100
E05000603,00BHGL,Lea Bridge,E09000031,Waltham Forest,52.4,42,5.6,0,0,,52.4,0,0,36.3,5.7,0,0,0,0,5.6,0,0,0,0,0,0,100
E05000604,00BHGM,Leyton,E09000031,Waltham Forest,23.9,58.1,18,0,0,,23.9,0,0,53.2,4.9,0,0,0,0,18,0,0,0,0,0,0,100
E05000605,00BHGN,Leytonstone,E09000031,Waltham Forest,53.4,44.6,2,0,0,,53.4,0,0,7.1,37.4,0,0,0,0,2,0,0,0,0,0,0,100
E05000606,00BHGP,Markhouse,E09000031,Waltham Forest,46.7,38.2,15.1,0,0,,46.7,0,0,20.9,17.2,0,0,0,0,15.1,0,0,0,0,0,0,100
E05000607,00BHGQ,Valley,E09000031,Waltham Forest,58.8,37.6,3.7,0,0,,58.8,0,0,9.2,28.3,0,0,0,0,3.7,0,0,0,0,0,0,100
E05000608,00BHGR,William Morris,E09000031,Waltham Forest,20.6,61.2,18.2,0,0,,20.6,0,0,53.4,7.8,0,0,0,0,18.2,0,0,0,0,0,0,100
E05000609,00BHGS,Wood Street,E09000031,Waltham Forest,59.8,38.7,1.5,0,0,,59.8,0,0,0.3,38.5,0,0,0,0,1.5,0,0,0,0,0,0,100
E05000610,00BJFZ,Balham,E09000032,Wandsworth,30,70,0,0,0,,30,0,0,0,70,0,0,0,0,0,0,0,0,0,0,0,100
E05000611,00BJGA,Bedford,E09000032,Wandsworth,51.6,48.3,0,0,0.2,,51.6,0,0,0,48.3,0,0,0,0,0,0,0,0,0,0,0.2,100
E05000612,00BJGB,Earlsfield,E09000032,Wandsworth,30.8,52.1,14.5,0,2.6,,30.8,0,0,20.4,31.7,0,0,0,0,14.5,0,0,0,0,0,2.6,100
E05000613,00BJGC,East Putney,E09000032,Wandsworth,12,78.3,9.7,0,0,,12,0,0,0,78.3,0,0,0,0,9.7,0,0,0,0,0,0,100
E05000614,00BJGD,Fairfield,E09000032,Wandsworth,52.1,43,3.6,1.2,0.1,,52.1,0,0,0,43,0,0,0,0,3.6,0,0,0,1.2,0,0.1,100
E05000615,00BJGE,Furzedown,E09000032,Wandsworth,38.1,56.5,5.5,0,0,,38.1,0,0,0,56.5,0,0,0,0,5.5,0,0,0,0,0,0,100
E05000616,00BJGF,Graveney,E09000032,Wandsworth,11.4,60.9,27.6,0,0,,11.4,0,0,0.2,60.7,0,0,0,0,27.6,0,0,0,0,0,0,100
E05000617,00BJGG,Latchmere,E09000032,Wandsworth,59.6,38.8,1.6,0,0,,59.6,0,0,3.2,35.5,0,0,0,0,1.6,0,0,0,0,0,0,100
E05000618,00BJGH,Nightingale,E09000032,Wandsworth,33.4,66.6,0,0,0,,33.4,0,0,0,66.6,0,0,0,0,0,0,0,0,0,0,0,100
E05000619,00BJGJ,Northcote,E09000032,Wandsworth,83.1,16.9,0,0,0,,83.1,0,0,0,16.9,0,0,0,0,0,0,0,0,0,0,0,100
E05000620,00BJGK,Queenstown,E09000032,Wandsworth,50,43.6,6.4,0,0,,50,0,0,3.2,40.4,0,0,0,0,6.4,0,0,0,0,0,0,100
E05000621,00BJGL,Roehampton and Putney Heath,E09000032,Wandsworth,35.5,59.2,4.7,0,0.6,,35.5,0,0,0,59.2,0,0,0,0,4.7,0,0,0,0,0,0.6,100
E05000622,00BJGM,St. Mary's Park,E09000032,Wandsworth,47.5,51.9,0.6,0,0,,47.5,0,0,7.1,44.8,0,0,0,0,0.6,0,0,0,0,0,0,100
E05000623,00BJGN,Shaftesbury,E09000032,Wandsworth,48.6,50.4,1,0,0,,48.6,0,0,0,50.4,0,0,0,0,1,0,0,0,0,0,0,100
E05000624,00BJGP,Southfields,E09000032,Wandsworth,63,37,0,0,0,,63,0,0,0,37,0,0,0,0,0,0,0,0,0,0,0,100
E05000625,00BJGQ,Thamesfield,E09000032,Wandsworth,38.1,61.7,0.1,0,0,,38.1,0,0,8.9,52.8,0,0,0,0,0.1,0,0,0,0,0,0,100
E05000626,00BJGR,Tooting,E09000032,Wandsworth,0.5,59.7,39.8,0,0,,0.5,0,0,29.1,30.6,0,0,0,0,39.8,0,0,0,0,0,0,100
E05000627,00BJGS,Wandsworth Common,E09000032,Wandsworth,58.9,40.2,0,0.5,0.4,,58.9,0,0,0,40.2,0,0,0,0,0,0,0,0,0.5,0,0.4,100
E05000628,00BJGT,West Hill,E09000032,Wandsworth,30.7,63.4,5.9,0,0,,30.7,0,0,0,63.4,0,0,0,0,5.9,0,0,0,0,0,0,100
E05000629,00BJGU,West Putney,E09000032,Wandsworth,23.8,76,0,0,0.2,,23.8,0,0,0,76,0,0,0,0,0,0,0,0,0,0,0.2,100
E05000630,00BKGA,Abbey Road,E09000033,Westminster,0,11.9,68.2,19.9,0,,0,11.9,0,0,0,39.4,0,28.8,0,0,0,0,0,19.9,0,0,100
E05000631,00BKGB,Bayswater,E09000033,Westminster,0,66.6,33.2,0.2,0,,0,66.6,0,0,0,27.8,0,5.3,0,0,0,0,0,0.2,0,0,100
E05000632,00BKGC,Bryanston and Dorset Square,E09000033,Westminster,0,34.6,65.4,0,0,,0,34.6,0,0,0,0,0,65.4,0,0,0,0,0,0,0,0,100
E05000633,00BKGD,Churchill,E09000033,Westminster,53.2,36.5,10.3,0,0,,53.2,0,0,8.5,28,0,0,0,0,10.3,0,0,0,0,0,0,100
E05000634,00BKGE,Church Street,E09000033,Westminster,0,64.3,34.3,1.3,0,,0,64.3,0,0,0,0.9,0,33.4,0,0,0,0,0,1.3,0,0,100
E05000635,00BKGF,Harrow Road,E09000033,Westminster,0,0,82.2,17.8,0,,0,0,0,0,0,82.2,0,0,0,0,0,0,0,17.8,0,0,100
E05000636,00BKGG,Hyde Park,E09000033,Westminster,0,86.4,13.6,0,0,,0,86.4,0,0,0,0,0,13.6,0,0,0,0,0,0,0,0,100
E05000637,00BKGH,Knightsbridge and Belgravia,E09000033,Westminster,60.2,39.8,0,0,0,,60.2,0.5,0,7.9,31.4,0,0,0,0,0,0,0,0,0,0,0,100
E05000638,00BKGJ,Lancaster Gate,E09000033,Westminster,17.5,45.9,36.6,0,0,,17.5,42.9,0,0,2.9,0,0,36.6,0,0,0,0,0,0,0,0,100
E05000639,00BKGK,Little Venice,E09000033,Westminster,0,18.2,43.4,38.4,0,,0,18.2,0,0,0,41.9,0,1.5,0,0,0,0,0,38.4,0,0,100
E05000640,00BKGL,Maida Vale,E09000033,Westminster,0,0,87.6,12.4,0,,0,0,0,0,0,87.6,0,0,0,0,0,0,0,12.4,0,0,100
E05000641,00BKGM,Marylebone High Street,E09000033,Westminster,0,64.2,35.8,0,0,,0,64.2,0,0,0,0,0,35.8,0,0,0,0,0,0,0,0,100
E05000642,00BKGN,Queen's Park,E09000033,Westminster,0,0,54.8,45.1,0.1,,0,0,0,0,0,54.8,0,0,0,0,0,0,0,45.1,0,0.1,100
E05000643,00BKGP,Regent's Park,E09000033,Westminster,0,80,14.8,5.2,0,,0,80,0,0,0,0,0,14.8,0,0,0,0,0,5.2,0,0,100
E05000644,00BKGQ,St. James's,E09000033,Westminster,3.1,87.7,9.1,0.1,0,,3.1,77.3,0,10.4,0,5,0,3.9,0.2,0.1,0,0,0,0.1,0,0,100
E05000645,00BKGR,Tachbrook,E09000033,Westminster,0,20.9,77.4,1.7,0,,0,0,0,20.9,0,73,0,0,0,4.4,0,0,0,1.7,0,0,100
E05000646,00BKGS,Vincent Square,E09000033,Westminster,0,56.7,43.3,0,0,,0,56.7,0,0,0,36.5,0,6.9,0,0,0,0,0,0,0,0,100
E05000647,00BKGT,Warwick,E09000033,Westminster,32.9,48,19,0,0,,32.9,5.4,0,39.7,2.9,6.7,0,0,0,12.3,0,0,0,0,0,0,100
E05000648,00BKGU,Westbourne,E09000033,Westminster,0,0,95.2,4.8,0,,0,0,0,0,0,95.2,0,0,0,0,0,0,0,4.8,0,0,100
E05000649,00BKGW,West End,E09000033,Westminster,0,76.6,21.6,1.7,0,,0,76.6,0,0,0,8.4,0,13.2,0,0,0,0,0,1.7,0,0,100
E09000001,00AA,City of London,E09000001,City of London,0,0.5,90.4,9.1,0,,0,0,0,0.5,0,0,0,0,89.3,1.2,0,0.4,0,0,8.7,0,100
E12000007,H,,E12000007,London,16.6,33,29.4,17,4.1,,16.6,11,1.3,9.4,11.3,8.1,3.1,8.6,2.3,6.1,1.2,2.8,3.6,9.4,1.2,4.1,100
